ANNOT	NSNP	STD	TAU1	TAU1_SE	TAU2	TAU2_SE	THETA	THETA_SE	HSQ1	HSQ1_SE	HSQ2	HSQ2_SE	GCOV	GCOV_SE	GCOR	GCOR_SE	GCORSQ	GCORSQ_SE	HSQ1_ENRICHMENT	HSQ1_ENRICHMENT_SE	HSQ2_ENRICHMENT	HSQ2_ENRICHMENT_SE	GCOV_ENRICHMENT	GCOV_ENRICHMENT_SE	GCORSQ_ENRICHMENT	GCORSQ_ENRICHMENT_SE	GCORSQ_ENRICHMENT_P	GCOVSQ_DIFF	GCOVSQ_DIFF_SE	GCOVSQ_DIFF_P
base	5877249.0	0.0	-3.091324529691519e-08	5.098451438811935e-08	-5.150903703565746e-08	3.031383144502797e-08	-8.589949374027128e-08	3.720240826510235e-08	0.49497224520776284	0.033220870602322754	0.3796348413142194	0.01991658339044774	0.43541825725951705	0.022211181113153816	1.0044613	0.05382505546165894	1.0063589828854242	0.10786977375892913	1.000008116157164	4.21971066293562e-07	1.000000777712865	5.34856873097376e-07	0.9999988345523052	4.7837377424699e-07	1.0	0.0	1.0	0.0	0.0	1.0
Coding_UCSC	83743.0	0.117704526	1.295402825007841e-07	3.03270354606866e-07	-2.012855588873208e-07	1.5426910238147684e-07	1.5442891410089032e-08	1.5908193518043845e-07	0.04386868607184769	0.015896738070048405	0.03897365482286211	0.008991808615639975	0.027625969100023493	0.00813688928282677	0.66812027	0.1653599537785289	0.7179550597912681	0.1522318801236289	6.442357274368185	2.240833873117495	7.1516460216551385	1.6518811682081829	4.505955738631758	1.3270280609056244	0.7134184441149948	0.13455345884536046	0.03441060563458742	-0.0009928258159068357	0.0006513305473536398	0.12902038314788777
Coding_UCSC.flanking.500	290086.0	0.2130084	-1.5480112836030457e-07	8.18163385929438e-08	-1.21627209637154e-07	5.418296566972458e-08	-1.7917261629918357e-07	6.200239965892251e-08	0.019691320854557423	0.01977404090793117	0.012642629202449795	0.011185628152961029	0.01762458618698399	0.012169502919493648	1.1170248	0.7469991097926258	1.038636036285492	0.26637977746278035	0.8071449025765919	0.802889560213818	0.6936531985905764	0.5926541490575684	0.817166845705564	0.5696243302575247	1.0320731010990962	0.24020646147191232	0.8939146604991965	-1.8278509631347963e-05	0.000352976768603217	0.9587528364669513
Conserved_LindbladToh	143760.0	0.15291773	-7.578366023608396e-08	3.684172895646043e-07	-1.2702686902343885e-08	2.681610453691974e-07	-1.8886599661982473e-07	1.954907133949746e-07	0.08568721530825124	0.02980828461757236	0.08914354485521708	0.01897813929385633	0.050573162593686175	0.01712570400032655	0.5786516	0.16226802372112362	0.7576587098751633	0.12392232989024414	7.114154268815068	2.403624081314234	9.325106885502137	1.9809411331807971	4.763433389246444	1.6585434057024946	0.7528712147059198	0.09559720192789091	0.010449824337041669	-0.005184549413367786	0.002885026188038229	0.07384328970378773
Conserved_LindbladToh.flanking.500	1795783.0	0.4554383	-9.520969790344225e-09	6.135978480870108e-08	-3.3725790160588076e-08	6.315785583410616e-08	-4.103356232576516e-08	8.507149118486268e-08	0.23499558027902312	0.0463237257292101	0.1459846246175888	0.034569425403753046	0.19116715895897918	0.04802314274629002	1.0321193	0.165377289955742	1.013430778812496	0.11685406668333347	1.570593178800976	0.29664306178528793	1.2472814647987633	0.2870984344823231	1.442080746062103	0.3524372580249016	1.00702711065071	0.049701643656065754	0.8877081322337013	0.0005713058291611714	0.011042374639474911	0.9587896829411284
CTCF_Hoffman	140051.0	0.15095784	2.3207526567148307e-08	1.7388570938692283e-07	-1.1053310089437218e-07	1.0041129883120448e-07	-1.847945299005005e-07	8.699994680227974e-08	0.02528967899616339	0.02386796766234368	0.004677371592329612	0.01360308356865406	-0.005874472282482623	0.01124633778677728	-0.54012746	1.6373067509846908	0.7161485022267422	0.17899728055699513	2.1408781874190037	2.0389951969413493	0.3885146512921632	1.5104874113503481	-0.5572807252227827	1.0853578571699543	0.711623301829539	0.15200910152249758	0.059262686693335676	-0.00014139552448737698	0.0004792918825176203	0.7682943840832444
CTCF_Hoffman.flanking.500	276271.0	0.20812215	-2.941484353868873e-07	1.0686157025929788e-07	-7.065067109124357e-08	6.330949275934472e-08	-6.789773010495992e-08	5.700873373370996e-08	-0.04630644040198582	0.02818403767149034	0.005846340519597301	0.01590647136711396	0.014024342848914201	0.014175048393988308	0.0	0.0	1.5452578166762154	0.40250790936269343	-1.9194294440474793	1.2286865667280518	0.34677160023898346	0.897829942551142	0.7038268194968866	0.698086096307917	1.535493638905736	0.35088458557309743	0.12856657004908212	0.000345177401288484	0.0009903166109631032	0.7277937139463266
DGF_ENCODE	793439.0	0.34128538	-7.1002929757924e-08	9.930088396004066e-08	3.302125151094515e-08	6.34340295846414e-08	2.2468194416092047e-08	8.22585093374073e-08	0.08630725185752727	0.056946280523421426	0.08779994418844093	0.030999835350559283	0.07613313505363059	0.03082550918737977	0.8745869	0.34653687002312883	0.9736525652750073	0.13701172971990094	0.9433447844298679	0.8497071476260917	1.6841638338437734	0.5857698628161059	1.2975492082782722	0.5196046330967384	0.9675002477578712	0.08290075832945669	0.695454071343292	-0.0021776585871234244	0.0054681706310899195	0.6908782832897502
DGF_ENCODE.flanking.500	2368307.0	0.49242878	7.2822061270017e-08	5.808917080685205e-08	7.973357440960172e-08	4.9555655579069935e-08	8.755053215736552e-08	5.7871208269943963e-08	0.3103747524320811	0.07037568387978063	0.2420329850339506	0.04307570356402604	0.30583803335045784	0.04673733122793112	1.1158633	0.1600949178808438	1.0545599062641782	0.12689730939330618	1.718630510023751	0.3475192086930112	1.5750287889540555	0.2952605789798412	1.7469794829599827	0.2521846955414433	1.0478963513005595	0.06260305417707315	0.44513021994001845	0.017061249029216893	0.02262883795849184	0.45176415552346194
DHS_peaks_Trynka	644920.0	0.30395728	2.091023674211101e-07	1.7939130714239582e-07	7.333870399861553e-08	8.95372380682602e-08	1.4832443184786825e-07	1.0416088969122939e-07	0.166900932817308	0.065206395215916	0.09818304182482243	0.032810758487418594	0.1009785278025001	0.03197764741215372	0.78882635	0.22754472107564466	0.9489437096110767	0.12325645729943496	2.887544053685046	1.1740410936365016	2.3854558297067388	0.7940987464033415	2.114565252269771	0.6746526002110027	0.9429475224539389	0.06541384533628376	0.3841626962331992	-0.006479935474594949	0.008105694718672934	0.4249943016569415
DHS_Trynka	972824.0	0.3618699	-1.1773217067911901e-07	1.3875420279418904e-07	-1.7050290068709728e-07	8.054558264802836e-08	-2.0080855733795033e-07	8.595721112669708e-08	0.1832216710940102	0.06963848952492639	0.1093913252280722	0.041885551377996835	0.09191598761944478	0.038158216150394796	0.64924884	0.2035661337154228	0.9163268756922551	0.11608538362946971	2.274134420161972	0.850227619620751	1.706497718275669	0.6767931133546774	1.2809931913269301	0.5463963207276207	0.9105367878418198	0.058507414620291576	0.12782965159779702	-0.011911039532842213	0.009793171166316705	0.22532668995431515
DHS_Trynka.flanking.500	1940360.0	0.4757114	-3.186758590345562e-08	7.16214998419673e-08	-5.5409032029274385e-08	4.447876733593148e-08	1.3064863857437103e-08	5.5266475840198837e-08	0.17511066377025938	0.07844800983959932	0.139942906253098	0.04077873342710255	0.23088354970071162	0.04455114892789389	1.4748955	0.3678230704065989	1.1178255977408798	0.12842147705452853	1.1095039900328314	0.47469585839422734	1.0958700121627476	0.3177263468228582	1.60666186177935	0.28681917631679	1.1107622794162968	0.06521289451537172	0.0909816169306521	0.027925914824467882	0.01602815961064452	0.08300030949536397
Enhancer_Andersson	25381.0	0.06544111	4.47370958056581e-08	4.436526239715022e-07	2.9585502048234957e-08	2.1873621847134928e-07	-3.639081853634707e-07	1.9991081501302688e-07	0.007117568454564989	0.011188166685464605	0.005629218414700704	0.005515556727227115	-0.0043343243890450675	0.0047649104596646065	-0.6847492	1.4503245780933443	0.4204382572908965	0.2172634810233243	3.7843744543018403	5.255364930029966	3.4685978174995284	3.362750770146562	-2.3013816237849665	2.514591863074402	0.417781591301962	0.21195732670685305	0.006568892915858271	-2.350003185029899e-05	0.00010707500702508829	0.8265068638775479
Enhancer_Andersson.flanking.500	86247.0	0.11941996	-1.4203116904809576e-07	1.9409583273954922e-07	-2.142063806331862e-07	9.370798892405219e-08	-5.625302179623759e-08	1.1031859514787357e-07	0.0018624091927338061	0.01658298902646047	-0.006912502807737817	0.007804924112425439	0.007219253928567353	0.009148260171043476	0.0	0.0	1.4719940383102244	0.4730825726547921	0.19345640992134316	2.288528128188445	-1.234424032634327	1.4071489700334496	1.1676828573384692	1.4525297676000803	1.4626927998294754	0.44300947102919874	0.29755310223424525	3.676546950757782e-05	0.0002053475372574577	0.8580882702281594
Enhancer_Hoffman	245476.0	0.19663876	1.8183071404109796e-07	1.3216873639976257e-07	5.758777277264926e-08	5.8917741796449263e-08	6.097715044006691e-08	6.397623764087257e-08	0.09072021381510037	0.029335218462152583	0.052692233922870424	0.013488918614440768	0.046794243085415854	0.015365480248855676	0.6768105	0.1597905720942611	0.8219122922558534	0.11497102988529681	4.254666644785392	1.4466603585443436	3.2394335085858503	0.8681997118732705	2.6087342294284275	0.8837342547276534	0.8167187914388891	0.09506502564898932	0.055283967623870334	-0.002669066773017742	0.001742154659723404	0.12709845409219112
Enhancer_Hoffman.flanking.500	281041.0	0.20982996	-6.367842786403344e-08	1.3624877226448007e-07	1.251776549082706e-08	5.9038463007254904e-08	2.6091550253681817e-08	6.930486051714979e-08	0.018436394971227905	0.036270981179918366	0.030818590369884692	0.016062313349609055	0.038264637632071594	0.020569477819447773	1.605289	2.2001417370175185	1.0957749605861922	0.19176753698643392	0.7557876736785205	1.532326330239795	1.6240099324544253	0.8814210633934291	1.8189395408903413	0.9670699535360845	1.0888509758658835	0.14319794159358898	0.5356539711738093	0.0007581836599329833	0.0013245822605261266	0.5677008005703401
FetalDHS_Trynka	491211.0	0.26922345	-4.433614364529603e-09	1.543217820199061e-07	3.9759424197427506e-08	8.135990725577358e-08	4.0627153197192456e-08	9.066715733752062e-08	0.12754979501323754	0.05411451130026016	0.08988426796190524	0.027843294695501918	0.08705337240163197	0.024919950846083512	0.81302494	0.22401145453947802	0.9477778545768851	0.12660034783987717	3.0374408751645046	1.3083791646165217	2.739526446561519	0.8714478357718571	2.3964490488968946	0.6851505220958418	0.9417890342265582	0.07584195346068283	0.443676250399456	-0.004077236137278803	0.00571846918032187	0.476684496608752
FetalDHS_Trynka.flanking.500	1173415.0	0.40436414	1.2406959015720531e-08	9.456832827936523e-08	1.9136379592055164e-08	5.274019798662266e-08	-3.631086187283472e-08	7.36756220476309e-08	0.13809316361481383	0.07398292206314273	0.10758270443214452	0.03444842176183047	0.11781896971223577	0.04048590517727015	0.96662474	0.2656406530371447	1.0003118662091792	0.11253411775804618	1.4794436065483585	0.7493947069092254	1.438477092818908	0.45670575428432236	1.371091701963588	0.493356219337197	0.9939910938550905	0.05574462649989322	0.9142681328532734	-0.0013504990725341191	0.008165490919761957	0.8688040976623919
H3K27ac_Hnisz	2287451.0	0.47893637	-3.169346030063025e-08	2.8255646711272675e-08	-1.1610401529082992e-08	1.9489061031663368e-08	6.1431295605984815e-09	1.848108510671409e-08	0.2661297146136381	0.028034820502266463	0.22929168204394668	0.02074088526092466	0.2552168351890373	0.01827276038534044	1.0331621	0.07308625367223606	1.036298090160591	0.11895857450113367	1.3674304334410852	0.1272501170379587	1.5268927906366252	0.11232072082636468	1.5103023251753966	0.1016595937479009	1.0297499279922215	0.055061830383447	0.5895940615460651	0.0036029999403069113	0.006592908112170603	0.5853370374203948
H3K27ac_Hnisz.flanking.500	184743.0	0.17239138	4.5976047857720914e-08	1.5624286220372596e-07	-5.6118238944691257e-08	1.0195648769695254e-07	-3.1446223403008844e-08	1.0547557138806951e-07	0.025305394470796317	0.028925517174647333	0.006168929523274406	0.018658730604509417	0.009735072313394431	0.020540561793367315	0.77916193	1.2375631116408659	0.9531222878203439	0.1638482312532811	1.332463930095388	1.8427098779942712	0.5029092699069706	1.5706215242302863	0.6796662047334942	1.5098862835852573	0.9470996970559745	0.11955487905640735	0.658624501941095	-0.0002380847229342182	0.00036701324909465546	0.5172745172826829
H3K27ac_PGC2	1576138.0	0.44329	4.1622893576231945e-08	5.0017849417827165e-08	3.507524226620262e-08	3.294601214065551e-08	-7.68061880762616e-09	3.397693859596984e-08	0.2326311161324163	0.040943757470464893	0.18372672512383073	0.024529686844862574	0.18686994848624763	0.027143426156661796	0.90389794	0.10141960809620816	0.9301817479740345	0.11521927633703447	1.7085125529949718	0.2947560349139191	1.7801949459410213	0.2476701039282637	1.6034084307892584	0.21871005529420995	0.9243041139326098	0.07385652193476493	0.3066524578612342	-0.008248250209349064	0.008705522235892063	0.34454674860412515
H3K27ac_PGC2.flanking.500	391857.0	0.24566214	7.367892607135218e-08	9.549453494628324e-08	1.1478572758960581e-07	5.620183785026711e-08	4.3962383955431505e-08	5.4975128449541444e-08	0.05298969127296565	0.0346927329992738	0.06244598937817303	0.021679694630739092	0.04752201211310877	0.019299931288173092	0.82612705	0.32080656027211213	0.9350995731038587	0.14920928388958188	1.430576095830001	1.0398592080001698	2.4595757059854844	0.8265216298644039	1.6311196902272485	0.6606045774650751	0.9291908643004794	0.1158094078244821	0.5416139849589805	-0.0012037644439207918	0.002296578579572469	0.6007536583566466
H3K4me1_peaks_Trynka	990205.0	0.3643838	-8.019934227831982e-08	1.0289558360909723e-07	-1.0399210736977693e-07	6.351553594186043e-08	-4.439775480591379e-08	6.953621323191328e-08	0.13927075361401736	0.05800686059215377	0.09373671514180763	0.036954478090825665	0.11989170283084367	0.040122371306057926	1.0493112	0.27312979941039167	1.0188235260124212	0.12589281144778527	1.7094476619122656	0.6887211174127057	1.4151555338035506	0.5852648484597855	1.6545541973946916	0.5770083198579057	1.0123857821502806	0.07141276052026255	0.8624823961189638	0.0006174519111250675	0.006996591739825843	0.9297664178240053
H3K4me1_Trynka	2485739.0	0.49130577	6.005957686738839e-08	5.2862009880527694e-08	3.622633215627502e-08	3.221503774852863e-08	5.945687497899144e-09	3.119409441865173e-08	0.37317272326386075	0.045907748081485795	0.2907402460464126	0.026643400167435702	0.3130297385270063	0.025501782148423288	0.95033795	0.08382522600246575	0.9596571946643355	0.10635350829971077	1.7680479036024883	0.2165487887419183	1.8041044760357123	0.1487712203912533	1.7060927434112028	0.14295128017600148	0.953593311119273	0.07436552278873944	0.5333193028041963	-0.011438227549254068	0.018878110816331235	0.5452723152262009
H3K4me1_Trynka.flanking.500	1072946.0	0.39828384	-1.7361047710551247e-08	5.8508593525630204e-08	-1.9084479774278407e-08	3.048563357310741e-08	-4.769893280354154e-08	2.846278057688778e-08	0.041711246721658324	0.05220795990212556	0.030014519232124982	0.026792008456230965	0.03328260970140878	0.027519125069561584	0.94064355	0.8423182028635209	0.9982952160836792	0.1653218453358737	0.5044399888803943	0.5734351581743173	0.3888914593672503	0.384313856935079	0.4091507299642956	0.34076834082371177	0.9919871865418991	0.10333195712386754	0.9382683915498318	-0.00034350553583159884	0.002021900498516431	0.8652673433289451
H3K4me3_peaks_Trynka	242363.0	0.19553614	3.5670439935131526e-09	1.8727169504018093e-07	-7.876307961396378e-08	1.0801439742635921e-07	-4.6055127711497335e-08	9.680050538918294e-08	0.05312773451154047	0.03447706689268872	0.041464624151318075	0.018343636281495476	0.03815250981252485	0.016497902584552335	0.8128747	0.3614834180650094	0.9433593111679373	0.16104602220219177	2.464148490889487	1.668219500110575	2.48317749318998	1.1886954941042225	2.1375108122238435	0.9284493567137536	0.9373984107173616	0.128427527292973	0.6264782678887162	-0.0007986021603688816	0.0017392170049050028	0.6466108250608489
H3K4me3_Trynka	778701.0	0.3397877	-2.8952914732371937e-08	6.988027223542304e-08	7.5916013031474e-08	4.7534534530768724e-08	4.846308243600106e-08	4.1153462859711e-08	0.1344443313347537	0.03480137350837	0.14177150902827898	0.0199661442042491	0.11788710672776335	0.01929719099450925	0.8538874	0.13135920638713666	0.8939371789261301	0.12135506048196823	1.9611191535151713	0.5196312029866813	2.7561478999125524	0.3936685830334846	2.0524334324977835	0.359453493974103	0.8882885671304297	0.09228862773147509	0.22753925066958813	-0.0054142523422319126	0.00536837813330381	0.31441749763447313
H3K4me3_Trynka.flanking.500	716901.0	0.3166106	-3.035136231233082e-08	6.559568532793492e-08	-1.4506127854474471e-08	4.18291143944316e-08	5.481413012375924e-08	3.958391658898108e-08	0.053189645162792724	0.04156893273538241	0.03792758879334857	0.023514827673235858	0.09331693948347963	0.02282109311098584	2.0776353	1.0691965021032557	1.2734616832674708	0.2045560123576841	0.9132268655677765	0.6883761167339834	0.8412184761581711	0.5116944635577125	1.7461181202676772	0.4062516854082075	1.2654149313758911	0.16026821320630968	0.09928418081613	0.006474831510469992	0.0037213085812327724	0.08341660264897865
H3K9ac_peaks_Trynka	224450.0	0.18835218	4.889107430017248e-08	2.0913887510687346e-07	7.074545749219396e-08	1.370722628735166e-07	2.921938424549353e-08	1.543223504540947e-07	0.055541817967581425	0.03443099233486103	0.05038836242083476	0.023432059847171914	0.04124294838019274	0.025044256864229623	0.77960485	0.33313450253475474	0.9380303042746124	0.13515891633580854	2.940611437399062	1.84121657087791	3.3701032905527923	1.652171272091206	2.5335735148839524	1.5339858123843524	0.9321030767620314	0.09943927817492822	0.49552869577559333	-0.0013052286141296923	0.001919095933131235	0.49721462703353003
H3K9ac_Trynka	735630.0	0.33380574	-5.912446709999131e-08	7.806661272979909e-08	-2.758519102030732e-08	4.403869979796582e-08	-4.1534782724284014e-08	4.12728837773102e-08	0.13754235056464875	0.030340513547287735	0.11868563339440968	0.017056360364007876	0.10427745383342035	0.01932394627270932	0.8161559	0.12506825205571068	0.8548538497253964	0.11833015718561286	2.1462228640997134	0.48898875977687184	2.471408844553587	0.37459664334654064	1.9327018857131097	0.3875569562231199	0.8494521977379944	0.10071737301061749	0.1365624112389574	-0.005765226840726525	0.004259354332588488	0.1774170484101234
H3K9ac_Trynka.flanking.500	613870.0	0.30020192	-6.475546143747124e-08	7.860074191512467e-08	2.7308006966819676e-09	4.3200213184491076e-08	2.6886214143928555e-08	3.9382360483841694e-08	0.041230077995145276	0.03807594064212043	0.05436862050317389	0.021453543750067652	0.08052951326390767	0.02259196398686934	1.7008806	0.8072098853376688	1.2028680315700235	0.206272518581381	0.7611346503871359	0.7344763042396175	1.329081650832341	0.5303905812376035	1.7564075590567139	0.4674390140653883	1.1952673469671529	0.14703883526130884	0.1856997768539539	0.003915553357959919	0.0031597414040528352	0.21673075222570581
Intron_UCSC	2280882.0	0.47861266	-1.6765765664672472e-08	1.0020841045843554e-08	1.999206356018135e-09	8.370219184428151e-09	-1.9274299933869088e-09	1.23024417320039e-08	0.20556676560611958	0.02032632280860296	0.1746978396003666	0.01269732012368381	0.19748090512758848	0.01526960400449359	1.0420892	0.07178526885690346	1.055438045070597	0.12440625146918194	1.0704715158720826	0.08952891013934959	1.1810534677947704	0.06788589580575982	1.1692218024958316	0.07327219965781859	1.048768941321966	0.071573296319721	0.49642034239516697	0.0027238045337843117	0.00394497217235554	0.4907159859187715
Intron_UCSC.flanking.500	55010.0	0.09582035	2.225178832304664e-07	3.1045712489685684e-07	-2.876587146261045e-08	1.8731078910150245e-07	-6.837873200993272e-08	1.849974751166883e-07	0.02717301166243807	0.014227046373463493	0.026319965884351194	0.009721142007962426	0.01469635297286146	0.0088289213530053	0.5495384	0.2698089241176761	0.7104957689121663	0.17756834653055997	6.052166556875611	3.034483665761453	7.324248569867852	2.717283337719903	3.643654723858677	2.1723092760400777	0.7060062870160294	0.16521760709298808	0.07669499424479786	-0.0005332736610645986	0.0004411620981275556	0.22817668788212098
PromoterFlanking_Hoffman	48633.0	0.09025524	4.077894288911921e-07	2.770426021925232e-07	1.8242197086237866e-07	1.5134259001570172e-07	1.755269209979815e-07	1.5945398956773715e-07	0.029163694282663046	0.012819024017295892	0.01815191026395823	0.007250478946789667	0.014506282766135605	0.007324536510300355	0.63048345	0.2954035259502368	0.7067977691644514	0.23508262844908792	6.910506502718015	3.0718852507521484	5.755050965353613	2.265681395022153	4.043571945548448	2.024638760001067	0.7023316541955302	0.2241523554217329	0.1857080704360774	-0.0003492182146588906	0.0003216739243282898	0.27895697130039143
PromoterFlanking_Hoffman.flanking.500	146224.0	0.15412566	-2.1530686922233144e-07	1.441846109173639e-07	-1.5057180746680388e-07	8.144024121747861e-08	-3.5326873870644704e-08	7.956437286793516e-08	-0.004976505588064336	0.017922443421673404	0.0016528294336015555	0.010124787928584266	0.014401632348734575	0.01070947103962941	0.0	67.3588703918457	1.5603574915447682	0.5219779677404672	-0.31185310270425565	1.4506115026900028	0.14137870042696507	1.0750344089286394	1.3214348869341828	0.9812275142071732	1.5504979019225564	0.5125515359786628	0.2841079225263934	0.00013269189814777983	0.00032322554556019474	0.6818631453392836
Promoter_UCSC	271820.0	0.20690036	3.024689831931937e-08	9.515780163837917e-08	-5.738307962133149e-08	4.751858284635091e-08	-1.0428578178789394e-07	4.8795769203024975e-08	0.06310300027682804	0.020627925752568037	0.034812898653012264	0.010319327486475932	0.025633920707993495	0.010689531475474865	0.5469151	0.18204936058701504	0.6960860820591778	0.13213788782670371	2.7790865033830867	0.8951959076480686	1.9503662960740729	0.5739342037433256	1.274346630848314	0.5307948452166182	0.6916876521173045	0.11703808025162896	0.009094545792506015	-0.0016065233745145167	0.0008968456966108203	0.07476414546502363
Promoter_UCSC.flanking.500	62108.0	0.10174994	-4.104916797587066e-07	2.6163459665440314e-07	4.247404916668529e-08	1.3955683186850365e-07	-7.439366811468062e-08	1.3065526616173884e-07	-0.01706292296643163	0.016321221223458412	0.010205458175330365	0.008637284807200208	0.0030280262767215013	0.007985998512996617	0.0	0.0	1.2839039699832522	0.5672187602757496	-3.0264382801419676	3.153157641445877	2.6485979152518557	2.1707325149546506	0.686567108753797	1.7422087164186923	1.275791235352273	0.5419652340926555	0.6114052876827327	0.0001530308840682084	0.0002052686693627923	0.4568400635177774
Repressed_Hoffman	2705611.0	0.49883527	1.6591984675073945e-08	4.396971320375087e-08	2.524348019505851e-08	1.7907280991380503e-08	3.75323914170167e-08	2.6819540366318506e-08	0.18462884030856874	0.05485280946327479	0.07834711101866533	0.032563877559784744	0.13966650519932494	0.034144494938352685	1.1612641	0.23457045902944915	1.0478197740142774	0.13409609971468864	0.8173763436310495	0.230980714844105	0.42661957751752094	0.18574625077616871	0.6972565235312956	0.17419249314636923	1.0411988086100024	0.07491485031061346	0.5829759805165549	0.004472215430685097	0.006497076575775259	0.49203861512732394
Repressed_Hoffman.flanking.500	1521852.0	0.44056588	-1.4854008689724196e-08	4.477544734982075e-08	7.010866909240576e-08	3.235476953022953e-08	4.650540219586219e-08	3.457834907294455e-08	0.09245162901045541	0.05565042658996004	0.1500350244570688	0.04023156452257392	0.13469695208116705	0.04332982596071371	1.143679	0.3251695547003837	1.0237873877759711	0.12796349858230466	0.6597431158892575	0.43138103759160046	1.5500719205958065	0.39595289898863406	1.1932285098543938	0.3717577380060989	1.017318278255515	0.05746151293594928	0.7634324429253612	0.0033279548345276164	0.008483528778051093	0.6952680109813123
SuperEnhancer_Hnisz	982485.0	0.3640937	1.6972530048064982e-08	2.671876586646249e-08	-1.4803279491104604e-08	1.5464216573946032e-08	-6.5290084449998176e-09	2.0066044825739482e-08	0.1360464783516958	0.01451529155006803	0.10227403115580565	0.007688889820389755	0.11362055010671238	0.010881805047104646	0.9632312	0.07792510374892304	0.947860797106247	0.12683514101665475	1.6534990758281312	0.14774872693110794	1.6057475897230231	0.10999973444233939	1.565200089417035	0.12762026607868943	0.9418714526585218	0.08587456100118443	0.4992550630885719	-0.0011897484532146247	0.001720742901046313	0.4901102337443781
SuperEnhancer_Hnisz.flanking.500	18677.0	0.05620159	-2.720845060366628e-08	4.830590114579536e-07	2.764071211913688e-07	2.805809060646425e-07	2.3347098476733663e-07	3.933375012366014e-07	0.0015338967758532997	0.009311455963281505	0.0065363070220613795	0.005530258623065396	0.005736011341780248	0.007767237018139342	1.8115307	33.99522209934523	1.0630612327026796	0.42549405173937216	1.4986412669744935	5.928261806053003	5.421139150174322	4.554129711900687	3.9782840916384163	5.640463651594947	1.0563439595428255	0.3897654915891043	0.8852056719766901	-1.3704074104213637e-05	5.978880049837513e-05	0.8189426164524543
TFBS_ENCODE	768753.0	0.33800203	-2.3345382516026802e-08	8.19910113136757e-08	2.1686014761712613e-08	5.031539984656774e-08	2.3687860561949492e-08	4.618451754367925e-08	0.12914938745905002	0.04969663383444502	0.1121425194656989	0.025915971269927212	0.09826448467689142	0.026332659722344918	0.81651706	0.1911496024961514	0.9326906477577739	0.12034669990926887	1.8244241043358342	0.7661524139985575	2.251937336182637	0.5339236350734559	1.7415883430225887	0.4700366440773702	0.9267971604760469	0.0788263550497776	0.35419064867710426	-0.005124112427541469	0.006029759273742685	0.3964553932171697
TFBS_ENCODE.flanking.500	1233899.0	0.41183	-3.025003891821143e-08	6.171564592705181e-08	-2.598790693753017e-08	4.385752561120171e-08	1.1018272516594152e-08	4.374489037672902e-08	0.09003372626804622	0.05912603593560611	0.07086286696198038	0.039966444559025836	0.13091587297270013	0.03897130640885177	1.6390052	0.6544521970330676	1.1169327301784058	0.14680092493953903	0.9713092823866314	0.5634385591591471	0.8697068929438967	0.4920498843071672	1.4348150298529916	0.4175649698125593	1.1098750537069242	0.07305477434622643	0.13416439523551715	0.010219453686798104	0.007585342682929932	0.17942749835539984
Transcr_Hoffman	2028689.0	0.47573107	2.6810123898712845e-08	3.2631749746769856e-08	2.4818263000270235e-08	1.7604754987132765e-08	4.844891421385e-08	2.4548706178961766e-08	0.16595901524281398	0.04490147000081881	0.18307473249026335	0.031222911933699533	0.1860973000114214	0.03378369947944099	1.0676415	0.15703940041449202	1.0309908042942233	0.13098123403883857	0.9012712935019019	0.2593929253618677	1.3899534221329648	0.2259395467472213	1.2394500194132463	0.20785356669906524	1.0244761778129856	0.06584995075745687	0.7105145066163545	0.0035416852929420865	0.008706923816373979	0.6846166081362828
Transcr_Hoffman.flanking.500	2450207.0	0.4896205	2.4080769378542755e-08	3.5737350856379635e-08	4.4767647366938945e-09	2.1882135214923437e-08	2.7795238111139042e-08	2.2084853057435794e-08	0.20879372234872617	0.055320131534936465	0.10894844567035772	0.03389698811857233	0.16560729363448146	0.0351206639857372	1.09802	0.1978567235910207	1.0370297725075273	0.13257524279880256	1.0846328854298404	0.25302622303060807	0.679949172380023	0.21375014458536487	0.9117912355361405	0.18884703788862614	1.0304769869834758	0.07208392304543838	0.6728986665623371	0.004021782806665486	0.00857953562799006	0.6397509891196447
TSS_Hoffman	104353.0	0.13088946	-3.362403049322893e-07	1.7700946841614495e-07	-1.7137486452156736e-07	8.289461561616918e-08	-1.2330410470440256e-07	9.29315504549777e-08	0.0069772856716779005	0.015948342172011055	0.014935881895726316	0.009146606511779037	0.018992227463709176	0.007726189578429812	1.8604466	3.912390992028186	1.2627905681310767	0.4068624342924103	0.8614530969694466	1.814511380853292	2.1615828875890815	1.3753455378121415	2.4380350002369378	0.9895453783831987	1.2548112449003177	0.3782357244666404	0.5012941347250917	0.0002223322802527593	0.0002926978710789657	0.4483946954849911
TSS_Hoffman.flanking.500	97052.0	0.12654002	1.9374411408534797e-07	2.2087110096435936e-07	8.72095853310384e-08	1.0765906210963294e-07	-5.2412552520308964e-08	1.3839138546245522e-07	0.03976232086815649	0.017903324729606	0.0246652450570879	0.009597864211515846	0.012459681404712672	0.010793551038066168	0.39785823	0.27434393824699704	0.6345974841603648	0.14686126934220525	4.9995988061196455	2.2395184613579615	3.9653616414782245	1.5191019923477969	1.7969340840418262	1.5381933093959979	0.6305875884774755	0.14615781425133553	0.012265536417489065	-0.0009034355014034667	0.0005283258750339282	0.0888251028004079
UTR_3_UCSC	65592.0	0.10448214	2.611761544812907e-07	2.1078467682400515e-07	2.4038470769482956e-07	1.360519377158198e-07	5.036860173390778e-08	1.3524442010748317e-07	0.038105168420943795	0.01096912941697239	0.02116096282568811	0.005812430389183324	0.015454689349786974	0.0054069255177104135	0.54425275	0.1671030387284926	0.5539001476405441	0.14963861428275776	7.042148927668437	2.0027904088023147	4.859240882428343	1.3909222760124407	3.1320763502645366	1.1480814948907778	0.5504001624275326	0.14480796581804617	0.0021816603014104263	-0.0005981942721116155	0.0002891420164646612	0.03985158550435686
UTR_3_UCSC.flanking.500	90191.0	0.12197735	-1.1678878308885032e-07	1.3678025823082862e-07	-1.0900180313910823e-07	6.190710166720237e-08	2.8766910631361498e-08	7.567471982383722e-08	-0.002232318784269216	0.01126811220358971	-0.0009920843670728294	0.00571042785953313	0.008442606895002253	0.006256381194685845	0.0	0.0	2.023706452378343	1.13410939474575	-0.25045774789224057	1.4870002160253244	-0.10325756618688167	0.9832940037682004	1.3033023581197678	0.9353525039403949	2.0109190525392724	1.089452042538953	0.3545756748077369	4.1585219223716724e-05	0.00011462740602647358	0.7171497708084531
UTR_5_UCSC	31994.0	0.07336792	-1.4583523011424404e-07	2.8874973168058204e-07	7.370482535407064e-08	1.468671086968243e-07	-4.9977685989688325e-08	1.3142620503003855e-07	0.00820186321393764	0.009327837137724998	0.009892481118742552	0.003917917777645713	0.0052546274826594346	0.004010427461840183	0.5833552	0.5137018986001156	0.7082200098255372	0.31992285432051343	3.0353023162831745	3.458855297565093	4.841319823658077	1.9254458974017978	2.28324979357722	1.695614404661246	0.7037449079998617	0.30338560087160604	0.3300038557039857	-6.749406133277255e-05	9.555109768134158e-05	0.4807866555093345
UTR_5_UCSC.flanking.500	125288.0	0.14305557	1.966181741863693e-07	1.4104281831350818e-07	2.5722608043565742e-08	6.445273470490065e-08	9.218630481200307e-08	7.87216336561869e-08	0.03712037528184646	0.015921619462343835	0.016559268214850473	0.007084587861324107	0.021021306060063326	0.008226194926447702	0.8478772	0.2906603125182978	0.8851201197643409	0.20131924731243928	3.5864755079736557	1.4801198090323784	2.051821394626029	0.8859218489710078	2.270123681177913	0.9077122509652211	0.879527221217355	0.19404870345467612	0.5354167381698596	-0.000217055201663679	0.00035846823555602724	0.5455317871289136
WeakEnhancer_Hoffman	122514.0	0.1414856	-2.237029583795902e-08	1.951473649342006e-07	5.663505930897372e-08	9.530672429036713e-08	6.162648702456863e-08	1.0277269524294752e-07	0.013054416615690151	0.023319353470551293	0.020288453189510017	0.010497297523586555	0.02028997605485776	0.011282574822189567	1.246747	1.2620978181273084	1.0538590347714518	0.24161473997716845	1.3309161033268473	2.265062123682327	2.5078902069511133	1.325560622781359	2.238194548634408	1.2310327932873129	1.047199908475836	0.20471437206695486	0.8178898478883541	9.885525416983084e-05	0.0004869830534881633	0.8393461378790663
WeakEnhancer_Hoffman.flanking.500	397920.0	0.24768068	1.537682976504584e-07	9.307576931405492e-08	4.0037843263007744e-08	5.552731607849637e-08	4.964192257261857e-08	6.530178353614247e-08	0.10442234380492531	0.03286923594400061	0.05307360596606166	0.01788543365349793	0.06468380505998403	0.022806455112613557	0.8688795	0.23211759685943897	0.929984606908354	0.14602558068705726	2.9546959059416946	0.9731858419065044	2.058978863987517	0.7043539538819216	2.1817623290135435	0.7437568005662077	0.9241082185622369	0.11043249136837305	0.49274213502277053	-0.0016228741639954542	0.0024195234376099177	0.5031631016787372
GERP.NS	10151939.0	1.5461404	1.721605968896256e-08	1.252617654046162e-08	1.6152737813968088e-08	7.785661004788835e-09	1.883230105192979e-08	1.0625051949375575e-08	1.618231980155003	0.13315912864397758	1.3008313209156885	0.08146856555238474	1.3296159252848745	0.09222746626415122	0.9164216	0.053580354876898724	0.9552844420890224	0.09756294641858944	1.8743366347719048	0.12530012739512533	1.9651260948724014	0.10382674018697279	1.7723757578750114	0.0957988573209441	0.9492481891005123	0.022769528552012766	0.026936731494856536	-0.3552157208017277	0.1772921224076206	0.04647341830239493
GERP.RSsup4	47489.0	0.08919732	-4.2780968101396866e-07	4.7350883392027754e-07	-2.0437800785089166e-08	3.3086871553678066e-07	-1.613194200444923e-07	2.767409625903383e-07	0.015532773707208729	0.01996112406854045	0.027900965083911607	0.014257634342618411	0.014718436303396733	0.01233764357904779	0.70701325	0.45499893959006854	0.8931577574640915	0.1717003817669204	3.9834585533460594	5.008551697378464	8.915599070530059	4.59697645178511	4.2549377415289005	3.5781648871833647	0.8875140706780764	0.13751800336258657	0.4143512851265274	-0.0002363250828570855	0.0005053033380838497	0.6405183864810495
MAFbin1	341456.0	0.2287102	-7.53555173815812e-09	5.141448511380986e-08	2.876618387936958e-10	2.506571483706921e-08	2.9162022130435616e-08	2.6699261468365876e-08	0.027368171869873798	0.013824042143987015	0.01804057121554177	0.005987741754803911	0.02980007361915013	0.006281990423627753	1.3411251	0.37687029730126653	1.2639848778417482	0.30729404704712365	0.8530610583658976	0.4714073494272184	0.751985175470138	0.2669964277641433	1.1755124878110663	0.2434788475641972	1.2559980080047193	0.2625781110784022	0.33077345492345867	0.00035753104103161454	0.00032843405180094516	0.27764995263001335
MAFbin2	393731.0	0.2458938	-3.158656669555171e-09	4.4018953815339046e-08	2.6945517817011932e-08	2.2025853141371954e-08	1.2777386260154344e-08	2.2833297919078177e-08	0.03386340420182812	0.013940062811504086	0.032126344153949486	0.006768547188821932	0.029127770300132354	0.005983651605540745	0.88310283	0.24452507152763298	0.8904917123527416	0.2322409747080407	0.94927544810568	0.40805836991726974	1.2104502697676471	0.24740529690547064	0.9977949874083023	0.1994172063035141	0.8848648717771973	0.20795970455394047	0.5804457203082292	-0.0002731533402123977	0.0005338144540759653	0.609427695583777
MAFbin3	454420.0	0.25976774	-1.137052940691774e-08	3.3314897507352725e-08	5.2149125018274844e-09	1.6909677214016483e-08	2.433097279208596e-08	1.851774911187931e-08	0.03476266119745451	0.01160532327111295	0.02678189750972053	0.005928244775979071	0.03907197125893927	0.00565027820369159	1.2805252	0.23967784157434804	1.323394792704224	0.2987880731866008	0.85708459221805	0.2912538595046423	0.8896989945991777	0.19508157171424276	1.1635658795853836	0.1610121006163035	1.3150325233941842	0.2511666870959675	0.21121272259847435	0.0005710195620601966	0.00038171629438181037	0.1362569978137984
MAFbin4	501655.0	0.27175236	-5.367858602056685e-09	3.3546772471027e-08	2.3449953090448616e-08	2.1104121117332397e-08	2.399032794642153e-08	2.0296901936944778e-08	0.0416611888344567	0.012283225426562986	0.03863015875828041	0.008124323213164265	0.04338042149684274	0.0069883205113735174	1.081346	0.1587453424806604	1.085468929025122	0.18650721888324165	0.9421733753955074	0.2818067045161389	1.1509045210845559	0.24484867995436974	1.1670165910032027	0.18223514424307607	1.0786100660749054	0.1597744325194994	0.623257022271082	0.0002411147290047658	0.0004740901121889655	0.6116070868189996
MAFbin5	522990.0	0.2827462	-7.1824182157342875e-09	3.550023208731545e-08	4.796385510985601e-09	1.6913313416466735e-08	1.4679303106390762e-08	1.8810419888382057e-08	0.04276467847605962	0.011974142729472075	0.031002360285671826	0.005640168460865563	0.04072237002477121	0.005615920260000354	1.1183895	0.1712911406029331	1.1394039131652773	0.2143324286508056	0.9475974624232136	0.2723400272028761	0.8930148264857481	0.16050501511110785	1.0516487799308964	0.14844596195690724	1.132204245743788	0.19912250703741516	0.5075009059496542	0.00031371322058557517	0.0004287800987867194	0.46524824250893637
MAFbin6	551606.0	0.28664273	8.807145235323333e-09	3.15313641863213e-08	1.434559759871945e-08	1.630123946938511e-08	-1.1032248448117343e-09	1.829842588563224e-08	0.05403341174015615	0.01138092409361233	0.03806800952239989	0.005516267495319015	0.034596342104555845	0.005253778661530156	0.76281446	0.10908142628389828	0.7168342733275656	0.13263736304576806	1.1517869724290069	0.24314183607072054	1.042696046608925	0.1494828362548582	0.8468369723200614	0.1282435119216131	0.7123047396787419	0.12787998933549832	0.02556103249567876	-0.000889952785522176	0.0005090853034190699	0.08198183640504575
MAFbin7	568600.0	0.28967172	-6.684960141001284e-09	2.850797642395264e-08	9.685776625190101e-09	1.681783778906265e-08	7.452347183800612e-09	1.8478464980375975e-08	0.04636388433038506	0.010418780288879138	0.03597654063441766	0.006206705236128121	0.040070370684437744	0.005584760684030795	0.9811237	0.1463629020067569	0.9733535183107619	0.2056921072593208	0.9515292228528567	0.20489085347111485	0.9647576682521067	0.16801923584398878	0.9525143928000616	0.1290114125851024	0.9672030904121018	0.1797420371274163	0.8554023497718135	-8.947661334616488e-05	0.00046189618100642306	0.8465959649401666
MAFbin8	582884.0	0.29311082	-5.678348902193875e-09	3.103277279592476e-08	2.329272419387962e-08	1.737190835626734e-08	1.814459515969702e-08	1.882264655250765e-08	0.0476842038509462	0.009685712769593041	0.04468557990972072	0.00594512808334078	0.04705457962744843	0.0059353489311997805	1.0193678	0.12896551422434036	1.0245813267177406	0.1954251165457376	0.9607743702201891	0.20202684501245613	1.1685541535739625	0.1665669585695644	1.0907578297507168	0.12798912598740197	1.018107200454523	0.1712912719314107	0.9159189250049817	5.8851948219212306e-05	0.0005158939485224792	0.9092912827658064
MAFbin9	593862.0	0.2955023	-1.819183736984087e-08	2.9302269055619945e-08	8.410175333928294e-12	1.6706541927646867e-08	5.955084425579571e-09	1.868272825333861e-08	0.04126674664568469	0.009690067062945557	0.031700360922041905	0.005296687683337402	0.040793253843457236	0.00621868728387353	1.1278625	0.166201770078148	1.1718860579794907	0.24997746668011261	0.82111240656994	0.19589295921920447	0.8215697437362454	0.14007875358408212	0.9277390751774823	0.12321490426177313	1.1644811423250465	0.22097946957232442	0.45755627185257164	0.0003262778701717732	0.00040582539308830806	0.4223645180535238
MAFbin10	580138.0	0.29232687	7.156352843651348e-09	2.7949813130589973e-08	1.1758806373052266e-08	1.6334196217826502e-08	6.471458036116928e-09	1.613140199197005e-08	0.055355637652963266	0.009559265762657804	0.03802574553985466	0.00553068530028385	0.04036980857257042	0.005374209635908635	0.87990725	0.11713490178155127	0.8329438261274171	0.16870858112525886	1.1172281322629471	0.19931663656538667	1.0038005671776735	0.1542653681915876	0.9405558439320509	0.11751632495516354	0.8276806192351037	0.14896370079769425	0.2487458270028302	-0.0004958370416751252	0.0004869507156460476	0.3097960157312789
MAF_Adj_Predicted_Allele_Age	266666.53	0.8598587	5.7571760692098906e-09	1.0393158333954489e-08	3.507394097379546e-10	6.236589022989847e-09	-6.025172805124157e-09	5.9321880740981214e-09	-0.016795758328371213	0.03628789569192595	-0.034899259026905084	0.021557622123308744	-0.04532173870106974	0.01885307887599852	0.0	0.0	0.858489386719159	0.16243460611087024	-0.44170083782187997	1.6057261411197052	-1.8110456558415602	1.24265521802898	-2.280935789379654	0.9357813393421672	0.8530647624942992	0.15491657278281704	0.34403565016025817	0.001416220406084021	0.001573022818664847	0.3690393900760327
MAF_Adj_LLD_AFR	222776.7	0.9048148	-1.0503856451293814e-08	6.716405209772347e-09	-1.21828405141855e-08	4.271717646275874e-09	-1.664706417159323e-08	5.5471587323552285e-09	-0.09348043046364848	0.02324261097657001	-0.09350714187120415	0.011423294738542705	-0.11846423740073415	0.017404938004175686	0.0	0.0	-0.009243312741050442	0.37934495824548625	-4.876729715726894	1.1389656062710063	-6.5822216057774865	0.7398891496172403	-7.216923681539355	0.9550793031056578	-0.009184906080480438	0.37920012707644707	0.008418327969080819	0.005013087702539932	0.0030398650883569573	0.10070172746156136
Recomb_Rate_10kb	9089271.0	2.4345734	-7.047699757123382e-09	3.240044899044392e-09	-5.029888061613974e-09	1.7702306287503689e-09	-3.6803173841803982e-09	1.96304261734781e-09	0.6860378262023208	0.13010620949979224	0.5318562511133642	0.061790885434883785	0.7022213916857549	0.07239917458626856	1.1625266	0.14767040774329168	1.0531534911773188	0.12833494649978563	0.9049291064078232	0.1367007524237859	0.9147939076402769	0.08694776808854633	1.044638272188409	0.09169523314692558	1.0464988230717887	0.03267914604629968	0.1563338444429918	0.12286135794400777	0.08416042788241705	0.14590893119266468
Nucleotide_Diversity_10kb	27144004.0	2.3602936	1.145497252608152e-09	1.9541999130012755e-09	-7.655575062770481e-10	1.5832239963486927e-09	9.218780183672948e-10	2.1222035240242576e-09	1.9961948951776058	0.15619598880759875	1.4693498125754758	0.09724211368928358	1.79911988233613	0.1198347280486264	1.0504999	0.06706888426544452	1.0070387471883135	0.10834598842622253	0.8749775951174528	0.022802770914311536	0.8401166044125818	0.02561453931324732	0.8935213636821709	0.031166032623487144	1.0006754690070339	0.010527786716333837	0.9489067609506194	0.27565075867630773	0.16297852239597796	0.09233886745846531
Backgrd_Selection_Stat	1033878.25	0.18124893	6.242228511865733e-09	2.6467448677180982e-08	1.397907389844022e-08	2.3484945543827962e-08	1.8590252892636272e-08	2.203075410989186e-08	0.10357491876458831	0.006043664806437193	0.08422455102901336	0.004061342015220272	0.08713798564573297	0.0046254903819357845	0.9329554	0.04450781041767925	0.8807572342784479	0.08385054904281987	1.182417786711845	0.04751890514101128	1.248130039880117	0.036464470093225905	1.1383335101250251	0.03901254443321023	0.8751919039398326	0.04487570535665357	0.005936355708157759	-0.001201723375218653	0.00047621682017608504	0.012401836043467673
CpG_Content_50kb	59057.586	0.0054304916	1.4504130376735702e-06	1.6419596704508876e-06	-2.106399250578761e-07	8.892119467418524e-07	-3.072801462167263e-07	1.358841359433427e-06	0.005534271985257444	0.0003815085658172755	0.004285030997085649	0.00022805244913833925	0.004793305002736198	0.00023491353866146437	0.9843008	0.05415963714122095	0.9676631621077745	0.10663943120753851	1.1148728213429382	0.02593912446038382	1.1221848865617265	0.02249005704728463	1.0955414432771948	0.022193856590261383	0.9615486904417533	0.03113524377567166	0.21829521063353186	-9.222918996617419e-07	7.683358711543201e-07	0.23142034871940642
MAF_Adj_ASMC	-5053.1484	0.90671164	-2.4798596953701235e-08	9.287672853020013e-09	-1.0498204972009262e-08	5.353891108228481e-09	-4.018665844540692e-09	6.538013685997157e-09	-0.17366397061976813	0.03238639495286792	-0.12489863478641218	0.019607551094382492	-0.09069300018201298	0.023871422513561995	0.0	0.0	4.120102397958423	2.6912104002366752	413.2954992197515	78.00071849841702	385.2319062796938	62.29436409399986	243.52885226727966	68.27078591942548	4.094068287784642	2.5918673524059375	0.23399287446428652	-0.013879995905522524	0.004593179080044419	0.0028422521755795405
GTEx_eQTL_MaxCPP	57742.695	0.075029455	-2.1257098126170604e-07	2.406658268228057e-07	1.2013063610538666e-07	1.4014446492183197e-07	1.7849122002644435e-07	1.5856068102948484e-07	0.0008112309937725205	0.007636597821704349	0.010161929578726622	0.0045192013258719506	0.011973766845180672	0.005221058909258028	4.17033	99.08593019980457	1.8997107208443644	1.060921361173811	0.4143919000510232	1.5739886681004742	2.773747685918227	1.220261249151822	2.7971169895345414	1.18602936399329	1.887706825448638	1.0438304765838038	0.3961070254591992	0.00011914353997767487	0.00011227521538042777	0.28989701025234416
BLUEPRINT_H3K27acQTL_MaxCPP	87670.586	0.084938236	-7.987333816572573e-08	1.966805314168596e-07	-2.1736374833380978e-07	1.0963184848833407e-07	-1.3777632545952656e-07	1.2904656898626854e-07	0.009511677953305962	0.006993912730162403	0.0014506139093026687	0.003996091030551408	0.004241436193728061	0.004796119985855744	1.1418484	3.2108471038456963	0.8732350859492488	0.5881548803316003	1.355719691615668	0.9534117572974801	0.3377742463835498	0.7096952892203571	0.6492048578170849	0.7364490164498448	0.8677172865745346	0.5728912778533266	0.8176268407552605	-1.117656322675087e-05	3.9207910969983264e-05	0.7758954836692242
BLUEPRINT_H3K4me1QTL_MaxCPP	72443.734	0.07606814	-1.937795879314308e-08	2.3290114370411175e-07	4.92056102530114e-08	1.23319850331427e-07	-6.948518915805835e-08	1.4390451497092727e-07	0.009294634996283082	0.007127458508757202	0.007815004669326444	0.003661290018376935	0.005045420694280003	0.004151491426620644	0.59199303	0.3621028659586131	0.6335290212211723	0.2950319607886889	1.548232519090924	1.1789432864197367	1.6651756077477315	0.7930253334975746	0.9525178819424716	0.7869561967504795	0.6295258769437553	0.28230364000222685	0.19092213800697588	-5.340962908339673e-05	5.783059286251769e-05	0.356837450978424
BLUEPRINT_DNA_methylation_MaxCPP	168586.23	0.118034825	2.2596297810650867e-07	1.5171890765941498e-07	1.2743291222250264e-07	6.137126717931096e-08	1.2754985334595403e-07	7.152496550588694e-08	0.037738458488102575	0.012008210679758654	0.025561825731662817	0.0047632793887513155	0.026214394599795098	0.005703072209651971	0.8440182	0.17202973171791502	0.8411255062352347	0.186777960354321	2.498268578339298	0.8374697103010991	2.293876315552573	0.4411353436844942	2.09653117457304	0.4387272979940111	0.8358106009284744	0.1741876998158467	0.3470282352404719	-0.00029509236868543217	0.0003531200370927176	0.40434193652861494
synonymous	18393.0	0.055772867	-1.1226685501242173e-06	5.888338705517526e-07	4.77017238154076e-07	3.2281164408232144e-07	-3.556275203209225e-07	3.1583914505972643e-07	-0.0035447652914866847	0.0100113530413815	0.015841115466891972	0.00629034605386312	0.0008080895077544974	0.004844788982712635	0.0	0.0	0.6686276078622889	0.38208895297270684	-1.0844308769966209	6.481608016703161	13.134806843699725	5.20723788568547	0.6116419806486314	3.555926848634029	0.664402682574766	0.36439391066764587	0.3581791278805997	4.73734348149918e-05	0.00015389107455198272	0.7585279847117403
non_synonymous	15994.0	0.05202003	2.2383690634342202e-07	5.268678933134652e-07	4.104369111246342e-07	2.9068544904475857e-07	5.176372610549151e-07	2.787578807783575e-07	0.015022109030974905	0.006662278779649463	0.010222982820143375	0.003961783481080351	0.012915317727595358	0.003960414511449392	1.0421994	0.30784190667911876	1.0311705207326949	0.3767100202801387	11.409615979872719	4.984190655748993	10.048255684825827	3.8789266554338298	11.103224755759594	3.380982666348617	1.0246547586589143	0.36757925236847305	0.9465906784037954	3.080664025219336e-06	9.348101711234277e-05	0.9737435276230171
Conserved_Vertebrate_phastCons46way	172010.0	0.16633093	4.05616873422332e-08	2.1828832075243554e-07	-3.464803199904054e-08	9.913951970474955e-08	-1.5211620407740156e-08	1.0206578338056715e-07	0.08903513735971091	0.028048792489013468	0.08197861176313284	0.020145612416573463	0.052203963544262294	0.01796460987570432	0.611044	0.16352634851794454	0.7982305281649877	0.12078987905142427	5.684195282066307	1.873193319509893	7.148137092353394	1.752276232112615	4.133753402372631	1.4717517095552457	0.7931866677200096	0.0870177479788284	0.018417653763528552	-0.004732437393104321	0.0025305652075105316	0.06293685698242424
Conserved_Vertebrate_phastCons46way.flanking.500	2217162.0	0.4753747	1.276717256359916e-07	9.061663064358072e-08	1.7618880576719675e-08	4.24160297995968e-08	6.751454861841921e-08	5.0550770680501955e-08	0.30550874436359443	0.04805316438514823	0.1860738831580576	0.031031634240469588	0.2442227590094428	0.04333007416173402	1.0243105	0.13329032254734793	1.012077259275038	0.1192490390339942	1.7694984429509806	0.25347221637030287	1.2962055244134676	0.2091326289034243	1.4871834944201219	0.23217138106031723	1.0056821437348513	0.055281748306210854	0.9182369804032315	0.0011761535306733586	0.013774068393535375	0.9320380076740644
Conserved_Mammal_phastCons46way	124752.0	0.14275599	5.164532694834634e-07	4.5817961336069857e-07	1.7803249363623763e-07	3.3670167454147304e-07	2.132513969854699e-07	2.429596577258053e-07	0.09494034645413155	0.028987350876232762	0.08548017627363222	0.021389627188001786	0.056150304311049774	0.016363840691502016	0.62329555	0.13883616322150058	0.8142871634138424	0.11766958678195297	9.036289405183025	2.662099228683463	10.22458172381463	2.568778577914518	6.129719879256941	1.8326545075151972	0.8091418442742221	0.07356113209852345	0.01017626848143216	-0.005063475442875194	0.002658267089924802	0.05824778967143929
Conserved_Mammal_phastCons46way.flanking.500	1866074.0	0.4729675	-1.2363435075712914e-07	9.91123627613888e-08	-5.075913023233625e-08	4.6607837589363044e-08	-9.848062632045185e-08	6.336122737593541e-08	0.22863882878899403	0.04368965219794071	0.15726447942048452	0.02728639315363221	0.19183449738005418	0.03473527401510985	1.0116643	0.1518714645320163	1.0082624285344255	0.12908585231860178	1.4469921202078984	0.2786142531505971	1.2869962772413277	0.21621393348009124	1.3884023592715433	0.22633457794570364	1.001891418153335	0.07603830597646116	0.9801799576297867	-0.0002100142528883367	0.010256537625940162	0.9836840652338119
Conserved_Primate_phastCons46way	112279.0	0.13561118	3.395235239622707e-07	3.376720769665553e-07	6.53614847578865e-07	1.9586077826261317e-07	4.611740109794482e-07	1.418345192405468e-07	0.07956601185850551	0.029448049225605816	0.09913019295375777	0.016682869009601333	0.06251352493261766	0.015254268601116599	0.7038939	0.13773753543114808	0.8012882553346447	0.12022606122407206	8.310715993912698	3.1213186067997287	13.277067076588816	2.3699182894536484	7.599460678765856	1.977764273799474	0.7962250737179267	0.0894374713570855	0.023764319608567286	-0.004036457768553294	0.0027275302012721727	0.14048268211307158
Conserved_Primate_phastCons46way.flanking.500	919952.0	0.35623983	8.749625379778081e-08	9.304720549607737e-08	1.3802159060105623e-07	5.077060549751877e-08	1.9343146107075881e-07	6.024396270731813e-08	0.18028216470704916	0.056692258317209705	0.15259322542025833	0.029168742548825562	0.1996270517867551	0.039078838663284356	1.2035812	0.1668687050005582	1.0862813331275514	0.123754272925701	2.333566986538074	0.7137977059740835	2.5280834142222472	0.47899346319137603	2.924707106941737	0.5167756406647579	1.0794173367568842	0.06041385446701329	0.1901725170583688	0.011534528514263835	0.008977320099245388	0.2003374903137798
BivFlnk	79127.0	0.114512786	2.0126130095832195e-07	2.504770577616e-07	4.3307571218065277e-07	1.1704991464966952e-07	2.294241028266697e-07	1.29308460827815e-07	0.03547674953921981	0.019142609807346795	0.04701285638667484	0.008710716683393115	0.031883160022284716	0.010720153996269851	0.78069454	0.20778515366346473	0.8345621231969746	0.14941002412245746	5.51030856581104	2.8832508736813507	9.010251717320722	1.7056691523627676	5.5288319714564045	1.9176069885758653	0.8292886906063331	0.14235848519394306	0.23188971977321615	-0.0007042643323720524	0.0008212646428919154	0.3921800784412952
BivFlnk.flanking.500	103399.0	0.13049336	1.6735351948682364e-07	2.445005691242841e-07	-8.991897715304731e-08	1.0740428280087144e-07	-3.7527037477502745e-08	1.9344805934906617e-07	0.029690403026604695	0.024126013780312452	0.002375464319114242	0.010751197944096392	0.010419349408059136	0.019188118354724826	1.2406758	2.3123039286179927	0.9565800715996486	0.18218660089471336	3.2684236929159076	2.748409650103836	0.3389053053966138	1.6172329414103335	1.3034949946249026	2.528950300717316	0.950535631785141	0.12295250492436836	0.6878916014511716	-0.00015724693857151913	0.00022371347297281584	0.48294304344371763
Human_Promoter_Villar	89355.0	0.12143192	-5.076726949937438e-08	2.0037769843384012e-07	6.702950372527994e-08	8.489315206361425e-08	-2.147659161622073e-09	1.0419748974754839e-07	0.02467090148955087	0.012015322732569698	0.02812949631007158	0.007955950084889626	0.0304941942647808	0.007305166481855591	1.1575605	0.29889353799640767	1.1336284628577367	0.2579415298702854	3.4013418327014993	1.5981873026936009	4.852363902826883	1.3825963913880135	4.657257006731225	1.1199807141369362	1.1264652893616613	0.24774069863245704	0.6102849083555566	0.00022112015016336134	0.00037391583817304	0.554948082141578
Human_Promoter_Villar.flanking.500	20976.0	0.059526876	-1.9908051740458177e-07	4.36881322229965e-07	-5.818025670123461e-07	2.7247045863987296e-07	-4.3064250121460645e-07	2.3443270436018793e-07	0.0015401191895631147	0.00926424229313913	-0.0038926405923634475	0.00549070712524868	-0.004953138757778062	0.0047800217464589205	0.0	0.0	0.5710640199579885	0.5602248755705295	1.6404726651361528	5.254701158578345	-2.5355363304024774	4.061067185238025	-3.2180560709381005	3.063810796779248	0.5674555796388268	0.5501734254830296	0.43268754865675474	2.316316718618233e-05	5.3069742877050134e-05	0.6629714418342689
Human_Enhancer_Villar	196486.0	0.1775746	-8.494163949990252e-08	9.19994604942076e-08	-1.3032017420755437e-07	4.617717053179149e-08	-7.484634778620602e-08	4.757901095331363e-08	0.034406458415838864	0.015297524199262695	0.018799907678880897	0.008214186592028392	0.025958815156225837	0.011873256428872308	1.0206739	0.2869932840335801	0.9992745905089807	0.1940744887630486	2.062742566671984	0.9212107058266195	1.4640382530013916	0.6361699246887018	1.7712200999931877	0.7920538446626926	0.9929603724943844	0.16959673765108382	0.9669325022634503	-5.628882300060499e-05	0.00035780485587290004	0.8751544449118012
Human_Enhancer_Villar.flanking.500	57606.0	0.09804877	-1.2883641886674013e-07	2.5569414674464497e-07	5.255547463889343e-08	1.3193032089020562e-07	-1.4667702430415375e-07	1.2079189559699444e-07	-0.0011095995607370802	0.01384930675560325	0.011931268796379405	0.008119926640655679	0.0002472064248436453	0.005967976201756512	0.0	2.4178616356084905	0.7553096499666437	0.31337418131268513	-0.007914783161452471	2.8612421053523427	3.2048985178504275	2.1814884607104283	0.08613459660833894	1.4009610544593356	0.7505369980412219	0.28137501185754743	0.376372279286068	-9.127419075696667e-06	0.00016601084979504666	0.9562088724454405
Ancient_Sequence_Age_Human_Promoter	24444.0	0.064224355	6.712099889227829e-07	5.99234795117809e-07	2.044083515784223e-07	2.944534003290755e-07	5.053888116890448e-07	3.512375315040117e-07	0.023699196443839016	0.012225705991460604	0.014414082713577893	0.00594090867397193	0.016502479336675674	0.006592684897776818	0.8928713	0.27169745941747203	0.9103361669028628	0.21573617259166292	11.839265478645565	5.984229879190049	9.098422794774969	3.8333719970301297	9.19806518139303	3.7151043894917755	0.9045839331535098	0.21075347670858097	0.6512307441422376	-9.218167200401446e-05	0.00018844049455595696	0.625251683617392
Ancient_Sequence_Age_Human_Promoter.flanking.500	31311.0	0.072615296	-2.8168676635687007e-07	4.1805017758633767e-07	2.716031843874589e-08	2.4078246951830806e-07	3.559851791123947e-07	2.35517433111454e-07	-0.0033541100369714714	0.011018239754740934	0.0067210501666313625	0.006548758445229197	0.011946046889436925	0.005955933036104863	0.0	0.0	1.9365836707113844	1.025439855233029	-0.9373972087486007	4.194371036946396	3.4505449383847844	3.239412421942086	5.157517596992512	2.563238340073292	1.9243467824561247	0.9881954560760109	0.3507217515432557	0.00014120771511376087	0.0001448831709979277	0.3309262840062379
Ancient_Sequence_Age_Human_Enhancer	30357.0	0.0715048	1.2982776524950168e-06	4.976171226189763e-07	3.666162058379996e-07	2.9459448569468805e-07	6.549339559569489e-07	4.148042194174195e-07	0.042782465007893594	0.013868427776556426	0.014652853481333312	0.009095937061375533	0.02172057045600069	0.011123529375340243	0.86751544	0.3074957690226476	0.8772963985773157	0.18637920615609294	16.840137155444232	5.339007821899899	7.422941650175857	4.690639987156455	9.575858663888987	4.8258219301578364	0.8717529365733275	0.16625739196444186	0.4413987024019468	-0.00022310541559814588	0.0003639571447536351	0.5405768433156457
Ancient_Sequence_Age_Human_Enhancer.flanking.500	53294.0	0.094362535	-4.793426811033896e-08	2.860539041193988e-07	3.1794459687262133e-07	3.1428973557012796e-07	2.3726140341295832e-07	2.0861554617113143e-07	-0.0025504777519716956	0.012833184656603215	0.0179397796775875	0.015020763656222536	0.0119999616590474	0.009224059242040459	0.0	3.904706211090089	1.057284831859115	0.1947461058853512	-0.4522732420697049	2.8608554176410657	5.078318861275092	4.357607046169772	3.049574872038524	2.315774592777884	1.0506040586309238	0.14527931776627168	0.7279661881449235	0.00017280685586132993	0.0002630926147355114	0.5120497551189853
Human_Enhancer_Villar_Species_Enhancer_Count	393048.0	0.568733	-4.753199434048838e-08	2.6366024030721746e-08	-8.419871022624648e-09	1.3521229469404261e-08	-3.1512300324720854e-08	2.2831493140529346e-08	0.034642676943589884	0.03200566396909989	0.04042451659898281	0.01540022654915619	0.02946629862926385	0.021586233821114048	0.7874037	0.5580916992553254	0.9296242150365179	0.17630797943548443	1.0634354432367084	0.9672878679372948	1.6015964152512572	0.6080062726040302	1.0127096272419331	0.7399713153069317	0.9237501039351852	0.15925929875086256	0.6326219927133887	-0.00092466603183906	0.0014868874480625466	0.5347323853720267
Human_Promoter_Villar_ExAC	14634.0	0.049777433	3.9058804190972296e-07	5.785860253126884e-07	3.0912559623175184e-07	3.4659888115129434e-07	2.200603006485835e-07	4.1984955601037655e-07	0.010345618075430583	0.007773871199516236	0.00933857428448491	0.004774636570584246	0.009053102298400104	0.00551616715190511	0.9210409	0.3950094773841582	0.9275196669732927	0.320775696002516	8.720228198076473	6.310625951896566	9.90203109989694	5.069388416724036	8.426812928809548	5.091679096410515	0.9216588540939098	0.3184172678832032	0.8059102895855617	-1.8794795144866844e-05	6.467708274604108e-05	0.7716641940011479
Human_Promoter_Villar_ExAC.flanking.500	3343.0	0.023835782	1.0373246368544642e-06	1.574661496306362e-06	1.5750657667013002e-06	1.047938553710992e-06	8.772470039275504e-08	8.222836527238542e-07	0.003212404492206164	0.005137557717243992	0.003971743401151308	0.0033459512334380265	-0.0003383955474414096	0.002637830485717657	-0.09473685	0.724492888082433	0.2998786816787741	0.2994809297291307	12.99562924595481	18.347947046901478	18.353663882772903	15.589220229878944	-1.32691718667943	10.644295357221642	0.29798380774518884	0.28870757477233366	0.01591833508578988	-1.3162654120712484e-05	2.84415500224924e-05	0.6440157971706975
matched_non_dar_ocr	709523.0	0.31552398	2.3937033688525844e-07	7.077366603880364e-08	2.0656061394674907e-07	4.094091110573572e-08	2.0831183178415813e-07	6.06126704383314e-08	0.23856611287308993	0.03754150873650269	0.1977200173711141	0.02165010297423352	0.19551180867598286	0.031074800437729748	0.9002089	0.08960746016670124	0.935585229843333	0.10101762105454808	3.883102256284149	0.6231658810127014	4.244553331708965	0.4455023432430717	3.717592147613643	0.5362069752536764	0.9296734522713065	0.05824773177525965	0.22872287257818957	-0.009816598094498905	0.007988691296343848	0.22059351281366846
