chromosome	n_eur_original	n_eas_original	n_shared_raw	n_shared	n_allele_incompatible_excluded	n_source_bp_different	n_eas_allele_reversed	source_order_different	eur_original_order_sha256	paired_order_sha256	status	eur_bfile_prefix	eas_bfile_prefix
1	779354	691530	491084	491084	0	0	73381	False	4b9503799e8c937982330e7d0a3bbf0b8cac22c6a5ff93b0b57e3f1c77714348	4b9503799e8c937982330e7d0a3bbf0b8cac22c6a5ff93b0b57e3f1c77714348	PASS	/Volumes/EMPTY2TB/跨祖源屈光不正遗传效应 × retinal regulatory architecture/data/interim/sldxr_reference/paired_plink_v2/EUR/1000G.EUR.paired.1	/Volumes/EMPTY2TB/跨祖源屈光不正遗传效应 × retinal regulatory architecture/data/interim/sldxr_reference/paired_plink_v2/EAS/1000G.EAS.paired.1
2	839590	731373	520990	520990	0	0	83442	False	65dd5fe57fc3c963790d8cc316a92626d5fd73e3eb525c19387a83601af96562	65dd5fe57fc3c963790d8cc316a92626d5fd73e3eb525c19387a83601af96562	PASS	/Volumes/EMPTY2TB/跨祖源屈光不正遗传效应 × retinal regulatory architecture/data/interim/sldxr_reference/paired_plink_v2/EUR/1000G.EUR.paired.2	/Volumes/EMPTY2TB/跨祖源屈光不正遗传效应 × retinal regulatory architecture/data/interim/sldxr_reference/paired_plink_v2/EAS/1000G.EAS.paired.2
3	706350	629922	452821	452821	0	0	65470	False	46aabda09c2da897c5b8ff931b3e6be4a9e09bbb7254852523d5de387d391674	46aabda09c2da897c5b8ff931b3e6be4a9e09bbb7254852523d5de387d391674	PASS	/Volumes/EMPTY2TB/跨祖源屈光不正遗传效应 × retinal regulatory architecture/data/interim/sldxr_reference/paired_plink_v2/EUR/1000G.EUR.paired.3	/Volumes/EMPTY2TB/跨祖源屈光不正遗传效应 × retinal regulatory architecture/data/interim/sldxr_reference/paired_plink_v2/EAS/1000G.EAS.paired.3
4	729645	638260	467274	467274	0	0	64686	False	e56bffefe787e68f5955563b7ef6018576a29ef5ea6f91915cb76dcb138462b8	e56bffefe787e68f5955563b7ef6018576a29ef5ea6f91915cb76dcb138462b8	PASS	/Volumes/EMPTY2TB/跨祖源屈光不正遗传效应 × retinal regulatory architecture/data/interim/sldxr_reference/paired_plink_v2/EUR/1000G.EUR.paired.4	/Volumes/EMPTY2TB/跨祖源屈光不正遗传效应 × retinal regulatory architecture/data/interim/sldxr_reference/paired_plink_v2/EAS/1000G.EAS.paired.4
5	633015	551673	392944	392944	0	0	59931	False	ad437682efb6a64714bae9d6a513efaf71d768fbd1d27011675f30aabccd3c6b	ad437682efb6a64714bae9d6a513efaf71d768fbd1d27011675f30aabccd3c6b	PASS	/Volumes/EMPTY2TB/跨祖源屈光不正遗传效应 × retinal regulatory architecture/data/interim/sldxr_reference/paired_plink_v2/EUR/1000G.EUR.paired.5	/Volumes/EMPTY2TB/跨祖源屈光不正遗传效应 × retinal regulatory architecture/data/interim/sldxr_reference/paired_plink_v2/EAS/1000G.EAS.paired.5
6	664016	590664	432823	432823	0	0	59640	False	98d5b998704960036e30eede4147bd7a1149cabc3be88053fa8edf936b049fb0	98d5b998704960036e30eede4147bd7a1149cabc3be88053fa8edf936b049fb0	PASS	/Volumes/EMPTY2TB/跨祖源屈光不正遗传效应 × retinal regulatory architecture/data/interim/sldxr_reference/paired_plink_v2/EUR/1000G.EUR.paired.6	/Volumes/EMPTY2TB/跨祖源屈光不正遗传效应 × retinal regulatory architecture/data/interim/sldxr_reference/paired_plink_v2/EAS/1000G.EAS.paired.6
7	589569	516848	376090	376090	0	0	55133	False	d217c035f955fc06b17e799f5d7e4edd2f5ac480410141f5c57ba0da4eb26b88	d217c035f955fc06b17e799f5d7e4edd2f5ac480410141f5c57ba0da4eb26b88	PASS	/Volumes/EMPTY2TB/跨祖源屈光不正遗传效应 × retinal regulatory architecture/data/interim/sldxr_reference/paired_plink_v2/EUR/1000G.EUR.paired.7	/Volumes/EMPTY2TB/跨祖源屈光不正遗传效应 × retinal regulatory architecture/data/interim/sldxr_reference/paired_plink_v2/EAS/1000G.EAS.paired.7
8	549971	474763	340744	340742	2	0	50477	False	22879ab7595a75cae6dd33fb1e89fbc72907069b9f525aa067062ea7c234b1f0	22879ab7595a75cae6dd33fb1e89fbc72907069b9f525aa067062ea7c234b1f0	PASS	/Volumes/EMPTY2TB/跨祖源屈光不正遗传效应 × retinal regulatory architecture/data/interim/sldxr_reference/paired_plink_v2/EUR/1000G.EUR.paired.8	/Volumes/EMPTY2TB/跨祖源屈光不正遗传效应 × retinal regulatory architecture/data/interim/sldxr_reference/paired_plink_v2/EAS/1000G.EAS.paired.8
9	438106	385369	276684	276683	1	0	40641	False	496583ae48025b0ba21658002dc249f8aa41d7095b8f3c2bf852b4319861ffe6	496583ae48025b0ba21658002dc249f8aa41d7095b8f3c2bf852b4319861ffe6	PASS	/Volumes/EMPTY2TB/跨祖源屈光不正遗传效应 × retinal regulatory architecture/data/interim/sldxr_reference/paired_plink_v2/EUR/1000G.EUR.paired.9	/Volumes/EMPTY2TB/跨祖源屈光不正遗传效应 × retinal regulatory architecture/data/interim/sldxr_reference/paired_plink_v2/EAS/1000G.EAS.paired.9
10	510501	446216	321568	321568	0	0	48682	False	b2797e2b9d2ac258be2a07357bb1f591f4871563229452069d797190d31699f7	b2797e2b9d2ac258be2a07357bb1f591f4871563229452069d797190d31699f7	PASS	/Volumes/EMPTY2TB/跨祖源屈光不正遗传效应 × retinal regulatory architecture/data/interim/sldxr_reference/paired_plink_v2/EUR/1000G.EUR.paired.10	/Volumes/EMPTY2TB/跨祖源屈光不正遗传效应 × retinal regulatory architecture/data/interim/sldxr_reference/paired_plink_v2/EAS/1000G.EAS.paired.10
11	493922	427950	310679	310679	0	0	45269	False	eb60577d5dc5db7d4cdf64aa13f9a9335a0cb2c787b2b0af486b4415a3787836	eb60577d5dc5db7d4cdf64aa13f9a9335a0cb2c787b2b0af486b4415a3787836	PASS	/Volumes/EMPTY2TB/跨祖源屈光不正遗传效应 × retinal regulatory architecture/data/interim/sldxr_reference/paired_plink_v2/EUR/1000G.EUR.paired.11	/Volumes/EMPTY2TB/跨祖源屈光不正遗传效应 × retinal regulatory architecture/data/interim/sldxr_reference/paired_plink_v2/EAS/1000G.EAS.paired.11
12	480110	421896	302052	302052	0	0	42737	False	0a4550dc32d9244dc3a8c55298526dfb1d34af192a81a581bd55d467d01662a6	0a4550dc32d9244dc3a8c55298526dfb1d34af192a81a581bd55d467d01662a6	PASS	/Volumes/EMPTY2TB/跨祖源屈光不正遗传效应 × retinal regulatory architecture/data/interim/sldxr_reference/paired_plink_v2/EUR/1000G.EUR.paired.12	/Volumes/EMPTY2TB/跨祖源屈光不正遗传效应 × retinal regulatory architecture/data/interim/sldxr_reference/paired_plink_v2/EAS/1000G.EAS.paired.12
13	366200	317635	232772	232772	0	0	35175	False	08b3fa2d0013af2d4c6e60b0ace51c9f4485cc0ad6dfc957a26154f8f196084a	08b3fa2d0013af2d4c6e60b0ace51c9f4485cc0ad6dfc957a26154f8f196084a	PASS	/Volumes/EMPTY2TB/跨祖源屈光不正遗传效应 × retinal regulatory architecture/data/interim/sldxr_reference/paired_plink_v2/EUR/1000G.EUR.paired.13	/Volumes/EMPTY2TB/跨祖源屈光不正遗传效应 × retinal regulatory architecture/data/interim/sldxr_reference/paired_plink_v2/EAS/1000G.EAS.paired.13
14	324698	289383	203964	203964	0	0	30303	False	f70e761c2f337e56649852cd8183e5d5f47be963d654bc27653651238aca75af	f70e761c2f337e56649852cd8183e5d5f47be963d654bc27653651238aca75af	PASS	/Volumes/EMPTY2TB/跨祖源屈光不正遗传效应 × retinal regulatory architecture/data/interim/sldxr_reference/paired_plink_v2/EUR/1000G.EUR.paired.14	/Volumes/EMPTY2TB/跨祖源屈光不正遗传效应 × retinal regulatory architecture/data/interim/sldxr_reference/paired_plink_v2/EAS/1000G.EAS.paired.14
15	287001	259690	182536	182536	0	2	30267	True	97b8092766419f59d7684fe22e2d220d1ca28c27ef0efdfb94c18290b7f44ae4	97b8092766419f59d7684fe22e2d220d1ca28c27ef0efdfb94c18290b7f44ae4	PASS	/Volumes/EMPTY2TB/跨祖源屈光不正遗传效应 × retinal regulatory architecture/data/interim/sldxr_reference/paired_plink_v2/EUR/1000G.EUR.paired.15	/Volumes/EMPTY2TB/跨祖源屈光不正遗传效应 × retinal regulatory architecture/data/interim/sldxr_reference/paired_plink_v2/EAS/1000G.EAS.paired.15
16	316981	272212	193246	193246	0	0	28050	False	2995a6c0b6fc525a8ff3bbb9ffa0decacfadcc7d1acb249d9bdbf8d131870b11	2995a6c0b6fc525a8ff3bbb9ffa0decacfadcc7d1acb249d9bdbf8d131870b11	PASS	/Volumes/EMPTY2TB/跨祖源屈光不正遗传效应 × retinal regulatory architecture/data/interim/sldxr_reference/paired_plink_v2/EUR/1000G.EUR.paired.16	/Volumes/EMPTY2TB/跨祖源屈光不正遗传效应 × retinal regulatory architecture/data/interim/sldxr_reference/paired_plink_v2/EAS/1000G.EAS.paired.16
17	269222	234422	166148	166148	0	0	27154	False	46181d34785df7faa167244c1720090114b3811b3d9acae304f7fe56f7885d8b	46181d34785df7faa167244c1720090114b3811b3d9acae304f7fe56f7885d8b	PASS	/Volumes/EMPTY2TB/跨祖源屈光不正遗传效应 × retinal regulatory architecture/data/interim/sldxr_reference/paired_plink_v2/EUR/1000G.EUR.paired.17	/Volumes/EMPTY2TB/跨祖源屈光不正遗传效应 × retinal regulatory architecture/data/interim/sldxr_reference/paired_plink_v2/EAS/1000G.EAS.paired.17
18	285156	251287	182779	182779	0	0	25299	False	b638394e6d7fa891f575a1c734f3226421384e704818acd04d966ff46b5915d7	b638394e6d7fa891f575a1c734f3226421384e704818acd04d966ff46b5915d7	PASS	/Volumes/EMPTY2TB/跨祖源屈光不正遗传效应 × retinal regulatory architecture/data/interim/sldxr_reference/paired_plink_v2/EUR/1000G.EUR.paired.18	/Volumes/EMPTY2TB/跨祖源屈光不正遗传效应 × retinal regulatory architecture/data/interim/sldxr_reference/paired_plink_v2/EAS/1000G.EAS.paired.18
19	232363	204658	148658	148658	0	0	21210	False	1983d9b12b822c567fd5a685079a92553a04c790a0af3b9905380ecc058a8311	1983d9b12b822c567fd5a685079a92553a04c790a0af3b9905380ecc058a8311	PASS	/Volumes/EMPTY2TB/跨祖源屈光不正遗传效应 × retinal regulatory architecture/data/interim/sldxr_reference/paired_plink_v2/EUR/1000G.EUR.paired.19	/Volumes/EMPTY2TB/跨祖源屈光不正遗传效应 × retinal regulatory architecture/data/interim/sldxr_reference/paired_plink_v2/EAS/1000G.EAS.paired.19
20	221626	189092	135506	135506	0	0	21061	False	84867e68f2abfcf30b38e99c1046f6ed5dd29262eefca3a6977ab44052947a16	84867e68f2abfcf30b38e99c1046f6ed5dd29262eefca3a6977ab44052947a16	PASS	/Volumes/EMPTY2TB/跨祖源屈光不正遗传效应 × retinal regulatory architecture/data/interim/sldxr_reference/paired_plink_v2/EUR/1000G.EUR.paired.20	/Volumes/EMPTY2TB/跨祖源屈光不正遗传效应 × retinal regulatory architecture/data/interim/sldxr_reference/paired_plink_v2/EAS/1000G.EAS.paired.20
21	138712	121568	89744	89744	0	0	12453	False	ce94eb0df8fe4e54538acfb14c2642684c7aabae5044d4dfcdee9986c910acd9	ce94eb0df8fe4e54538acfb14c2642684c7aabae5044d4dfcdee9986c910acd9	PASS	/Volumes/EMPTY2TB/跨祖源屈光不正遗传效应 × retinal regulatory architecture/data/interim/sldxr_reference/paired_plink_v2/EUR/1000G.EUR.paired.21	/Volumes/EMPTY2TB/跨祖源屈光不正遗传效应 × retinal regulatory architecture/data/interim/sldxr_reference/paired_plink_v2/EAS/1000G.EAS.paired.21
22	141123	122150	88626	88626	0	0	13072	False	748d141301ffe7b18301276a34394209c84fc697c7236820ed4c63a7ac718e88	748d141301ffe7b18301276a34394209c84fc697c7236820ed4c63a7ac718e88	PASS	/Volumes/EMPTY2TB/跨祖源屈光不正遗传效应 × retinal regulatory architecture/data/interim/sldxr_reference/paired_plink_v2/EUR/1000G.EUR.paired.22	/Volumes/EMPTY2TB/跨祖源屈光不正遗传效应 × retinal regulatory architecture/data/interim/sldxr_reference/paired_plink_v2/EAS/1000G.EAS.paired.22
