metric_name	excluded_chromosome	full_estimate	full_SE	approximate_leave_chromosome_estimate	delta_from_full	absolute_delta	influence_SE_ratio	sign_flip	catastrophic	chromosome_regression_SNP_N	contributing_jackknife_blocks	effective_block_fraction_sum	method	diagnostic_class	number_blocks	input_freeze_id
HSQ1	1	0.4942643977082528	0.0331367103074015	0.4848940230424676	-0.00937037466578522	0.00937037466578522	0.282779267430546	False	False	239066	16	15.36117715093491	FIRST_ORDER_SUM_OF_LEAVE_BLOCK_INFLUENCE	BLOCK_INFLUENCE_APPROXIMATION_NOT_EXACT_LOCO	200	SLDXR_FORMAL_INPUT_FREEZE_v1:6da435f42faa40f20ecf4b0b1e48d70782224704c86a829fe1e73c5269250b0a
HSQ1	2	0.4942643977082528	0.0331367103074015	0.5026445377543998	0.008380140046146956	0.008380140046146956	0.2528959564303867	False	False	245549	17	15.777742080575724	FIRST_ORDER_SUM_OF_LEAVE_BLOCK_INFLUENCE	BLOCK_INFLUENCE_APPROXIMATION_NOT_EXACT_LOCO	200	SLDXR_FORMAL_INPUT_FREEZE_v1:6da435f42faa40f20ecf4b0b1e48d70782224704c86a829fe1e73c5269250b0a
HSQ1	3	0.4942643977082528	0.0331367103074015	0.5058525567566716	0.011588159048418811	0.011588159048418811	0.34970758837911714	False	False	226225	15	14.536079162115273	FIRST_ORDER_SUM_OF_LEAVE_BLOCK_INFLUENCE	BLOCK_INFLUENCE_APPROXIMATION_NOT_EXACT_LOCO	200	SLDXR_FORMAL_INPUT_FREEZE_v1:6da435f42faa40f20ecf4b0b1e48d70782224704c86a829fe1e73c5269250b0a
HSQ1	4	0.4942643977082528	0.0331367103074015	0.49552656250902055	0.00126216480076774	0.00126216480076774	0.038089622930548406	False	False	230966	16	14.840711944997752	FIRST_ORDER_SUM_OF_LEAVE_BLOCK_INFLUENCE	BLOCK_INFLUENCE_APPROXIMATION_NOT_EXACT_LOCO	200	SLDXR_FORMAL_INPUT_FREEZE_v1:6da435f42faa40f20ecf4b0b1e48d70782224704c86a829fe1e73c5269250b0a
HSQ1	5	0.4942643977082528	0.0331367103074015	0.5138414806358307	0.01957708292757787	0.01957708292757787	0.5907974191151101	False	False	198252	14	12.73867506264859	FIRST_ORDER_SUM_OF_LEAVE_BLOCK_INFLUENCE	BLOCK_INFLUENCE_APPROXIMATION_NOT_EXACT_LOCO	200	SLDXR_FORMAL_INPUT_FREEZE_v1:6da435f42faa40f20ecf4b0b1e48d70782224704c86a829fe1e73c5269250b0a
HSQ1	6	0.4942643977082528	0.0331367103074015	0.488750955203197	-0.00551344250505581	0.00551344250505581	0.1663847272076466	False	False	222778	15	14.314592302255349	FIRST_ORDER_SUM_OF_LEAVE_BLOCK_INFLUENCE	BLOCK_INFLUENCE_APPROXIMATION_NOT_EXACT_LOCO	200	SLDXR_FORMAL_INPUT_FREEZE_v1:6da435f42faa40f20ecf4b0b1e48d70782224704c86a829fe1e73c5269250b0a
HSQ1	7	0.4942643977082528	0.0331367103074015	0.4989597145490853	0.004695316840832464	0.004695316840832464	0.14169532211481192	False	False	188185	13	12.091820343121507	FIRST_ORDER_SUM_OF_LEAVE_BLOCK_INFLUENCE	BLOCK_INFLUENCE_APPROXIMATION_NOT_EXACT_LOCO	200	SLDXR_FORMAL_INPUT_FREEZE_v1:6da435f42faa40f20ecf4b0b1e48d70782224704c86a829fe1e73c5269250b0a
HSQ1	8	0.4942643977082528	0.0331367103074015	0.48463812432970377	-0.009626273378549044	0.009626273378549044	0.2905017815361984	False	False	164657	12	10.5800295572833	FIRST_ORDER_SUM_OF_LEAVE_BLOCK_INFLUENCE	BLOCK_INFLUENCE_APPROXIMATION_NOT_EXACT_LOCO	200	SLDXR_FORMAL_INPUT_FREEZE_v1:6da435f42faa40f20ecf4b0b1e48d70782224704c86a829fe1e73c5269250b0a
HSQ1	9	0.4942643977082528	0.0331367103074015	0.4862152206902712	-0.008049177017981635	0.008049177017981635	0.2429081506073266	False	False	135802	9	8.725952579836791	FIRST_ORDER_SUM_OF_LEAVE_BLOCK_INFLUENCE	BLOCK_INFLUENCE_APPROXIMATION_NOT_EXACT_LOCO	200	SLDXR_FORMAL_INPUT_FREEZE_v1:6da435f42faa40f20ecf4b0b1e48d70782224704c86a829fe1e73c5269250b0a
HSQ1	10	0.4942643977082528	0.0331367103074015	0.4946890981038017	0.0004247003955488715	0.0004247003955488715	0.012816613103987252	False	False	160759	12	10.329563708796506	FIRST_ORDER_SUM_OF_LEAVE_BLOCK_INFLUENCE	BLOCK_INFLUENCE_APPROXIMATION_NOT_EXACT_LOCO	200	SLDXR_FORMAL_INPUT_FREEZE_v1:6da435f42faa40f20ecf4b0b1e48d70782224704c86a829fe1e73c5269250b0a
HSQ1	11	0.4942643977082528	0.0331367103074015	0.48819543176317104	-0.006068965945081772	0.006068965945081772	0.1831493195546992	False	False	156208	11	10.037139369016256	FIRST_ORDER_SUM_OF_LEAVE_BLOCK_INFLUENCE	BLOCK_INFLUENCE_APPROXIMATION_NOT_EXACT_LOCO	200	SLDXR_FORMAL_INPUT_FREEZE_v1:6da435f42faa40f20ecf4b0b1e48d70782224704c86a829fe1e73c5269250b0a
HSQ1	12	0.4942643977082528	0.0331367103074015	0.5000520569341422	0.005787659225889419	0.005787659225889419	0.17466004235781585	False	False	146146	10	9.390605924307653	FIRST_ORDER_SUM_OF_LEAVE_BLOCK_INFLUENCE	BLOCK_INFLUENCE_APPROXIMATION_NOT_EXACT_LOCO	200	SLDXR_FORMAL_INPUT_FREEZE_v1:6da435f42faa40f20ecf4b0b1e48d70782224704c86a829fe1e73c5269250b0a
HSQ1	13	0.4942643977082528	0.0331367103074015	0.491206731472013	-0.00305766623623982	0.00305766623623982	0.09227428455856258	False	False	117473	9	7.548223350253807	FIRST_ORDER_SUM_OF_LEAVE_BLOCK_INFLUENCE	BLOCK_INFLUENCE_APPROXIMATION_NOT_EXACT_LOCO	200	SLDXR_FORMAL_INPUT_FREEZE_v1:6da435f42faa40f20ecf4b0b1e48d70782224704c86a829fe1e73c5269250b0a
HSQ1	14	0.4942643977082528	0.0331367103074015	0.49730449315632697	0.0030400954480741538	0.0030400954480741538	0.0917440331243476	False	False	99930	7	6.420998522135835	FIRST_ORDER_SUM_OF_LEAVE_BLOCK_INFLUENCE	BLOCK_INFLUENCE_APPROXIMATION_NOT_EXACT_LOCO	200	SLDXR_FORMAL_INPUT_FREEZE_v1:6da435f42faa40f20ecf4b0b1e48d70782224704c86a829fe1e73c5269250b0a
HSQ1	15	0.4942643977082528	0.0331367103074015	0.4918848355623991	-0.0023795621458537197	0.0023795621458537197	0.07181045202674252	False	False	85182	7	5.473366317548031	FIRST_ORDER_SUM_OF_LEAVE_BLOCK_INFLUENCE	BLOCK_INFLUENCE_APPROXIMATION_NOT_EXACT_LOCO	200	SLDXR_FORMAL_INPUT_FREEZE_v1:6da435f42faa40f20ecf4b0b1e48d70782224704c86a829fe1e73c5269250b0a
HSQ1	16	0.4942643977082528	0.0331367103074015	0.4949630084386494	0.000698610730396565	0.000698610730396565	0.021082682134578746	False	False	91812	7	5.89937672685215	FIRST_ORDER_SUM_OF_LEAVE_BLOCK_INFLUENCE	BLOCK_INFLUENCE_APPROXIMATION_NOT_EXACT_LOCO	200	SLDXR_FORMAL_INPUT_FREEZE_v1:6da435f42faa40f20ecf4b0b1e48d70782224704c86a829fe1e73c5269250b0a
HSQ1	17	0.4942643977082528	0.0331367103074015	0.4975221470207101	0.0032577493124573143	0.0032577493124573143	0.09831239378429352	False	False	80373	6	5.164364197134228	FIRST_ORDER_SUM_OF_LEAVE_BLOCK_INFLUENCE	BLOCK_INFLUENCE_APPROXIMATION_NOT_EXACT_LOCO	200	SLDXR_FORMAL_INPUT_FREEZE_v1:6da435f42faa40f20ecf4b0b1e48d70782224704c86a829fe1e73c5269250b0a
HSQ1	18	0.4942643977082528	0.0331367103074015	0.49768687551489116	0.0034224778066383466	0.0034224778066383466	0.10328357205313447	False	False	94195	7	6.052496305339588	FIRST_ORDER_SUM_OF_LEAVE_BLOCK_INFLUENCE	BLOCK_INFLUENCE_APPROXIMATION_NOT_EXACT_LOCO	200	SLDXR_FORMAL_INPUT_FREEZE_v1:6da435f42faa40f20ecf4b0b1e48d70782224704c86a829fe1e73c5269250b0a
HSQ1	19	0.4942643977082528	0.0331367103074015	0.4908120500998069	-0.003452347608445927	0.003452347608445927	0.10418498325329542	False	False	74189	6	4.7670115016385015	FIRST_ORDER_SUM_OF_LEAVE_BLOCK_INFLUENCE	BLOCK_INFLUENCE_APPROXIMATION_NOT_EXACT_LOCO	200	SLDXR_FORMAL_INPUT_FREEZE_v1:6da435f42faa40f20ecf4b0b1e48d70782224704c86a829fe1e73c5269250b0a
HSQ1	20	0.4942643977082528	0.0331367103074015	0.49535988487573324	0.0010954871674804245	0.0010954871674804245	0.033059623520797526	False	False	68408	5	4.39555355651224	FIRST_ORDER_SUM_OF_LEAVE_BLOCK_INFLUENCE	BLOCK_INFLUENCE_APPROXIMATION_NOT_EXACT_LOCO	200	SLDXR_FORMAL_INPUT_FREEZE_v1:6da435f42faa40f20ecf4b0b1e48d70782224704c86a829fe1e73c5269250b0a
HSQ1	21	0.4942643977082528	0.0331367103074015	0.4896946088341007	-0.004569788874152103	0.004569788874152103	0.13790713778643812	False	False	45409	4	2.91775364646919	FIRST_ORDER_SUM_OF_LEAVE_BLOCK_INFLUENCE	BLOCK_INFLUENCE_APPROXIMATION_NOT_EXACT_LOCO	200	SLDXR_FORMAL_INPUT_FREEZE_v1:6da435f42faa40f20ecf4b0b1e48d70782224704c86a829fe1e73c5269250b0a
HSQ1	22	0.4942643977082528	0.0331367103074015	0.4890711583002208	-0.005193239408032013	0.005193239408032013	0.15672163470228478	False	False	41009	3	2.63676669022682	FIRST_ORDER_SUM_OF_LEAVE_BLOCK_INFLUENCE	BLOCK_INFLUENCE_APPROXIMATION_NOT_EXACT_LOCO	200	SLDXR_FORMAL_INPUT_FREEZE_v1:6da435f42faa40f20ecf4b0b1e48d70782224704c86a829fe1e73c5269250b0a
HSQ2	1	0.3788002272521303	0.0198619849704412	0.3827426925267954	0.003942465274665075	0.003942465274665075	0.1984930146977903	False	False	239066	16	15.36117715093491	FIRST_ORDER_SUM_OF_LEAVE_BLOCK_INFLUENCE	BLOCK_INFLUENCE_APPROXIMATION_NOT_EXACT_LOCO	200	SLDXR_FORMAL_INPUT_FREEZE_v1:6da435f42faa40f20ecf4b0b1e48d70782224704c86a829fe1e73c5269250b0a
HSQ2	2	0.3788002272521303	0.0198619849704412	0.37572746901279275	-0.0030727582393375585	0.0030727582393375585	0.15470549614806714	False	False	245549	17	15.777742080575724	FIRST_ORDER_SUM_OF_LEAVE_BLOCK_INFLUENCE	BLOCK_INFLUENCE_APPROXIMATION_NOT_EXACT_LOCO	200	SLDXR_FORMAL_INPUT_FREEZE_v1:6da435f42faa40f20ecf4b0b1e48d70782224704c86a829fe1e73c5269250b0a
HSQ2	3	0.3788002272521303	0.0198619849704412	0.3832263449406271	0.004426117688496767	0.004426117688496767	0.22284367323224535	False	False	226225	15	14.536079162115273	FIRST_ORDER_SUM_OF_LEAVE_BLOCK_INFLUENCE	BLOCK_INFLUENCE_APPROXIMATION_NOT_EXACT_LOCO	200	SLDXR_FORMAL_INPUT_FREEZE_v1:6da435f42faa40f20ecf4b0b1e48d70782224704c86a829fe1e73c5269250b0a
HSQ2	4	0.3788002272521303	0.0198619849704412	0.3722001834137515	-0.006600043838378811	0.006600043838378811	0.3322952790570057	False	False	230966	16	14.840711944997752	FIRST_ORDER_SUM_OF_LEAVE_BLOCK_INFLUENCE	BLOCK_INFLUENCE_APPROXIMATION_NOT_EXACT_LOCO	200	SLDXR_FORMAL_INPUT_FREEZE_v1:6da435f42faa40f20ecf4b0b1e48d70782224704c86a829fe1e73c5269250b0a
HSQ2	5	0.3788002272521303	0.0198619849704412	0.3863300216761721	0.00752979442404178	0.00752979442404178	0.3791058363626644	False	False	198252	14	12.73867506264859	FIRST_ORDER_SUM_OF_LEAVE_BLOCK_INFLUENCE	BLOCK_INFLUENCE_APPROXIMATION_NOT_EXACT_LOCO	200	SLDXR_FORMAL_INPUT_FREEZE_v1:6da435f42faa40f20ecf4b0b1e48d70782224704c86a829fe1e73c5269250b0a
HSQ2	6	0.3788002272521303	0.0198619849704412	0.3799081049558685	0.0011078777037382137	0.0011078777037382137	0.055778800829170305	False	False	222778	15	14.314592302255349	FIRST_ORDER_SUM_OF_LEAVE_BLOCK_INFLUENCE	BLOCK_INFLUENCE_APPROXIMATION_NOT_EXACT_LOCO	200	SLDXR_FORMAL_INPUT_FREEZE_v1:6da435f42faa40f20ecf4b0b1e48d70782224704c86a829fe1e73c5269250b0a
HSQ2	7	0.3788002272521303	0.0198619849704412	0.38367140126650895	0.004871174014378643	0.004871174014378643	0.24525111773208833	False	False	188185	13	12.091820343121507	FIRST_ORDER_SUM_OF_LEAVE_BLOCK_INFLUENCE	BLOCK_INFLUENCE_APPROXIMATION_NOT_EXACT_LOCO	200	SLDXR_FORMAL_INPUT_FREEZE_v1:6da435f42faa40f20ecf4b0b1e48d70782224704c86a829fe1e73c5269250b0a
HSQ2	8	0.3788002272521303	0.0198619849704412	0.3765623836909212	-0.0022378435612090963	0.0022378435612090963	0.11266968354570185	False	False	164657	12	10.5800295572833	FIRST_ORDER_SUM_OF_LEAVE_BLOCK_INFLUENCE	BLOCK_INFLUENCE_APPROXIMATION_NOT_EXACT_LOCO	200	SLDXR_FORMAL_INPUT_FREEZE_v1:6da435f42faa40f20ecf4b0b1e48d70782224704c86a829fe1e73c5269250b0a
HSQ2	9	0.3788002272521303	0.0198619849704412	0.3826258972251597	0.003825669973029411	0.003825669973029411	0.19261267082433153	False	False	135802	9	8.725952579836791	FIRST_ORDER_SUM_OF_LEAVE_BLOCK_INFLUENCE	BLOCK_INFLUENCE_APPROXIMATION_NOT_EXACT_LOCO	200	SLDXR_FORMAL_INPUT_FREEZE_v1:6da435f42faa40f20ecf4b0b1e48d70782224704c86a829fe1e73c5269250b0a
HSQ2	10	0.3788002272521303	0.0198619849704412	0.37963072236022516	0.000830495108094853	0.000830495108094853	0.041813298586762804	False	False	160759	12	10.329563708796506	FIRST_ORDER_SUM_OF_LEAVE_BLOCK_INFLUENCE	BLOCK_INFLUENCE_APPROXIMATION_NOT_EXACT_LOCO	200	SLDXR_FORMAL_INPUT_FREEZE_v1:6da435f42faa40f20ecf4b0b1e48d70782224704c86a829fe1e73c5269250b0a
HSQ2	11	0.3788002272521303	0.0198619849704412	0.37960598104113696	0.000805753789006658	0.000805753789006658	0.040567636628755316	False	False	156208	11	10.037139369016256	FIRST_ORDER_SUM_OF_LEAVE_BLOCK_INFLUENCE	BLOCK_INFLUENCE_APPROXIMATION_NOT_EXACT_LOCO	200	SLDXR_FORMAL_INPUT_FREEZE_v1:6da435f42faa40f20ecf4b0b1e48d70782224704c86a829fe1e73c5269250b0a
HSQ2	12	0.3788002272521303	0.0198619849704412	0.3796197085276995	0.0008194812755691894	0.0008194812755691894	0.04125878036806238	False	False	146146	10	9.390605924307653	FIRST_ORDER_SUM_OF_LEAVE_BLOCK_INFLUENCE	BLOCK_INFLUENCE_APPROXIMATION_NOT_EXACT_LOCO	200	SLDXR_FORMAL_INPUT_FREEZE_v1:6da435f42faa40f20ecf4b0b1e48d70782224704c86a829fe1e73c5269250b0a
HSQ2	13	0.3788002272521303	0.0198619849704412	0.37783987937090563	-0.0009603478812246768	0.0009603478812246768	0.04835105265933269	False	False	117473	9	7.548223350253807	FIRST_ORDER_SUM_OF_LEAVE_BLOCK_INFLUENCE	BLOCK_INFLUENCE_APPROXIMATION_NOT_EXACT_LOCO	200	SLDXR_FORMAL_INPUT_FREEZE_v1:6da435f42faa40f20ecf4b0b1e48d70782224704c86a829fe1e73c5269250b0a
HSQ2	14	0.3788002272521303	0.0198619849704412	0.37804937854327836	-0.0007508487088519478	0.0007508487088519478	0.037803306666950365	False	False	99930	7	6.420998522135835	FIRST_ORDER_SUM_OF_LEAVE_BLOCK_INFLUENCE	BLOCK_INFLUENCE_APPROXIMATION_NOT_EXACT_LOCO	200	SLDXR_FORMAL_INPUT_FREEZE_v1:6da435f42faa40f20ecf4b0b1e48d70782224704c86a829fe1e73c5269250b0a
HSQ2	15	0.3788002272521303	0.0198619849704412	0.37481397727108756	-0.003986249981042744	0.003986249981042744	0.20069746236215166	False	False	85182	7	5.473366317548031	FIRST_ORDER_SUM_OF_LEAVE_BLOCK_INFLUENCE	BLOCK_INFLUENCE_APPROXIMATION_NOT_EXACT_LOCO	200	SLDXR_FORMAL_INPUT_FREEZE_v1:6da435f42faa40f20ecf4b0b1e48d70782224704c86a829fe1e73c5269250b0a
HSQ2	16	0.3788002272521303	0.0198619849704412	0.3796263494028977	0.0008261221507673833	0.0008261221507673833	0.04159313140135925	False	False	91812	7	5.89937672685215	FIRST_ORDER_SUM_OF_LEAVE_BLOCK_INFLUENCE	BLOCK_INFLUENCE_APPROXIMATION_NOT_EXACT_LOCO	200	SLDXR_FORMAL_INPUT_FREEZE_v1:6da435f42faa40f20ecf4b0b1e48d70782224704c86a829fe1e73c5269250b0a
HSQ2	17	0.3788002272521303	0.0198619849704412	0.3807151892448035	0.0019149619926732142	0.0019149619926732142	0.09641342471676821	False	False	80373	6	5.164364197134228	FIRST_ORDER_SUM_OF_LEAVE_BLOCK_INFLUENCE	BLOCK_INFLUENCE_APPROXIMATION_NOT_EXACT_LOCO	200	SLDXR_FORMAL_INPUT_FREEZE_v1:6da435f42faa40f20ecf4b0b1e48d70782224704c86a829fe1e73c5269250b0a
HSQ2	18	0.3788002272521303	0.0198619849704412	0.37700866287291246	-0.001791564379217847	0.001791564379217847	0.09020067137720982	False	False	94195	7	6.052496305339588	FIRST_ORDER_SUM_OF_LEAVE_BLOCK_INFLUENCE	BLOCK_INFLUENCE_APPROXIMATION_NOT_EXACT_LOCO	200	SLDXR_FORMAL_INPUT_FREEZE_v1:6da435f42faa40f20ecf4b0b1e48d70782224704c86a829fe1e73c5269250b0a
HSQ2	19	0.3788002272521303	0.0198619849704412	0.3774437936592528	-0.001356433592877515	0.001356433592877515	0.0682929523356388	False	False	74189	6	4.7670115016385015	FIRST_ORDER_SUM_OF_LEAVE_BLOCK_INFLUENCE	BLOCK_INFLUENCE_APPROXIMATION_NOT_EXACT_LOCO	200	SLDXR_FORMAL_INPUT_FREEZE_v1:6da435f42faa40f20ecf4b0b1e48d70782224704c86a829fe1e73c5269250b0a
HSQ2	20	0.3788002272521303	0.0198619849704412	0.3797807173573162	0.000980490105185916	0.000980490105185916	0.049365161973744874	False	False	68408	5	4.39555355651224	FIRST_ORDER_SUM_OF_LEAVE_BLOCK_INFLUENCE	BLOCK_INFLUENCE_APPROXIMATION_NOT_EXACT_LOCO	200	SLDXR_FORMAL_INPUT_FREEZE_v1:6da435f42faa40f20ecf4b0b1e48d70782224704c86a829fe1e73c5269250b0a
HSQ2	21	0.3788002272521303	0.0198619849704412	0.3774322980381549	-0.001367929213975383	0.001367929213975383	0.06887172737322823	False	False	45409	4	2.91775364646919	FIRST_ORDER_SUM_OF_LEAVE_BLOCK_INFLUENCE	BLOCK_INFLUENCE_APPROXIMATION_NOT_EXACT_LOCO	200	SLDXR_FORMAL_INPUT_FREEZE_v1:6da435f42faa40f20ecf4b0b1e48d70782224704c86a829fe1e73c5269250b0a
HSQ2	22	0.3788002272521303	0.0198619849704412	0.3775209819674981	-0.0012792452846321911	0.0012792452846321911	0.06440671899288901	False	False	41009	3	2.63676669022682	FIRST_ORDER_SUM_OF_LEAVE_BLOCK_INFLUENCE	BLOCK_INFLUENCE_APPROXIMATION_NOT_EXACT_LOCO	200	SLDXR_FORMAL_INPUT_FREEZE_v1:6da435f42faa40f20ecf4b0b1e48d70782224704c86a829fe1e73c5269250b0a
GCOV	1	0.4354056295865452	0.0222461736952066	0.43976219697114133	0.004356567384596111	0.004356567384596111	0.19583445873817049	False	False	239066	16	15.36117715093491	FIRST_ORDER_SUM_OF_LEAVE_BLOCK_INFLUENCE	BLOCK_INFLUENCE_APPROXIMATION_NOT_EXACT_LOCO	200	SLDXR_FORMAL_INPUT_FREEZE_v1:6da435f42faa40f20ecf4b0b1e48d70782224704c86a829fe1e73c5269250b0a
GCOV	2	0.4354056295865452	0.0222461736952066	0.44113426406527134	0.0057286344787261245	0.0057286344787261245	0.2575110019913437	False	False	245549	17	15.777742080575724	FIRST_ORDER_SUM_OF_LEAVE_BLOCK_INFLUENCE	BLOCK_INFLUENCE_APPROXIMATION_NOT_EXACT_LOCO	200	SLDXR_FORMAL_INPUT_FREEZE_v1:6da435f42faa40f20ecf4b0b1e48d70782224704c86a829fe1e73c5269250b0a
GCOV	3	0.4354056295865452	0.0222461736952066	0.43729657013822065	0.0018909405516754352	0.0018909405516754352	0.08500070967632863	False	False	226225	15	14.536079162115273	FIRST_ORDER_SUM_OF_LEAVE_BLOCK_INFLUENCE	BLOCK_INFLUENCE_APPROXIMATION_NOT_EXACT_LOCO	200	SLDXR_FORMAL_INPUT_FREEZE_v1:6da435f42faa40f20ecf4b0b1e48d70782224704c86a829fe1e73c5269250b0a
GCOV	4	0.4354056295865452	0.0222461736952066	0.42953403734917767	-0.005871592237367551	0.005871592237367551	0.2639371748964051	False	False	230966	16	14.840711944997752	FIRST_ORDER_SUM_OF_LEAVE_BLOCK_INFLUENCE	BLOCK_INFLUENCE_APPROXIMATION_NOT_EXACT_LOCO	200	SLDXR_FORMAL_INPUT_FREEZE_v1:6da435f42faa40f20ecf4b0b1e48d70782224704c86a829fe1e73c5269250b0a
GCOV	5	0.4354056295865452	0.0222461736952066	0.4437452562693928	0.0083396266828476	0.0083396266828476	0.3748791498757625	False	False	198252	14	12.73867506264859	FIRST_ORDER_SUM_OF_LEAVE_BLOCK_INFLUENCE	BLOCK_INFLUENCE_APPROXIMATION_NOT_EXACT_LOCO	200	SLDXR_FORMAL_INPUT_FREEZE_v1:6da435f42faa40f20ecf4b0b1e48d70782224704c86a829fe1e73c5269250b0a
GCOV	6	0.4354056295865452	0.0222461736952066	0.42858337073845393	-0.006822258848091289	0.006822258848091289	0.3066711130445451	False	False	222778	15	14.314592302255349	FIRST_ORDER_SUM_OF_LEAVE_BLOCK_INFLUENCE	BLOCK_INFLUENCE_APPROXIMATION_NOT_EXACT_LOCO	200	SLDXR_FORMAL_INPUT_FREEZE_v1:6da435f42faa40f20ecf4b0b1e48d70782224704c86a829fe1e73c5269250b0a
GCOV	7	0.4354056295865452	0.0222461736952066	0.4377211086846399	0.002315479098094708	0.002315479098094708	0.10408437557932158	False	False	188185	13	12.091820343121507	FIRST_ORDER_SUM_OF_LEAVE_BLOCK_INFLUENCE	BLOCK_INFLUENCE_APPROXIMATION_NOT_EXACT_LOCO	200	SLDXR_FORMAL_INPUT_FREEZE_v1:6da435f42faa40f20ecf4b0b1e48d70782224704c86a829fe1e73c5269250b0a
GCOV	8	0.4354056295865452	0.0222461736952066	0.43489852387025774	-0.0005071057162874815	0.0005071057162874815	0.022795188207882594	False	False	164657	12	10.5800295572833	FIRST_ORDER_SUM_OF_LEAVE_BLOCK_INFLUENCE	BLOCK_INFLUENCE_APPROXIMATION_NOT_EXACT_LOCO	200	SLDXR_FORMAL_INPUT_FREEZE_v1:6da435f42faa40f20ecf4b0b1e48d70782224704c86a829fe1e73c5269250b0a
GCOV	9	0.4354056295865452	0.0222461736952066	0.4389434292364031	0.003537799649857898	0.003537799649857898	0.15902957957305663	False	False	135802	9	8.725952579836791	FIRST_ORDER_SUM_OF_LEAVE_BLOCK_INFLUENCE	BLOCK_INFLUENCE_APPROXIMATION_NOT_EXACT_LOCO	200	SLDXR_FORMAL_INPUT_FREEZE_v1:6da435f42faa40f20ecf4b0b1e48d70782224704c86a829fe1e73c5269250b0a
GCOV	10	0.4354056295865452	0.0222461736952066	0.43512626142098676	-0.0002793681655584579	0.0002793681655584579	0.012558032198528305	False	False	160759	12	10.329563708796506	FIRST_ORDER_SUM_OF_LEAVE_BLOCK_INFLUENCE	BLOCK_INFLUENCE_APPROXIMATION_NOT_EXACT_LOCO	200	SLDXR_FORMAL_INPUT_FREEZE_v1:6da435f42faa40f20ecf4b0b1e48d70782224704c86a829fe1e73c5269250b0a
GCOV	11	0.4354056295865452	0.0222461736952066	0.43312411664725053	-0.002281512939294683	0.002281512939294683	0.10255754407717685	False	False	156208	11	10.037139369016256	FIRST_ORDER_SUM_OF_LEAVE_BLOCK_INFLUENCE	BLOCK_INFLUENCE_APPROXIMATION_NOT_EXACT_LOCO	200	SLDXR_FORMAL_INPUT_FREEZE_v1:6da435f42faa40f20ecf4b0b1e48d70782224704c86a829fe1e73c5269250b0a
GCOV	12	0.4354056295865452	0.0222461736952066	0.4341709894843412	-0.001234640102204032	0.001234640102204032	0.05549898688735227	False	False	146146	10	9.390605924307653	FIRST_ORDER_SUM_OF_LEAVE_BLOCK_INFLUENCE	BLOCK_INFLUENCE_APPROXIMATION_NOT_EXACT_LOCO	200	SLDXR_FORMAL_INPUT_FREEZE_v1:6da435f42faa40f20ecf4b0b1e48d70782224704c86a829fe1e73c5269250b0a
GCOV	13	0.4354056295865452	0.0222461736952066	0.43184012516407555	-0.0035655044224696675	0.0035655044224696675	0.16027495205784217	False	False	117473	9	7.548223350253807	FIRST_ORDER_SUM_OF_LEAVE_BLOCK_INFLUENCE	BLOCK_INFLUENCE_APPROXIMATION_NOT_EXACT_LOCO	200	SLDXR_FORMAL_INPUT_FREEZE_v1:6da435f42faa40f20ecf4b0b1e48d70782224704c86a829fe1e73c5269250b0a
GCOV	14	0.4354056295865452	0.0222461736952066	0.4371837306304931	0.0017781010439478773	0.0017781010439478773	0.07992839884779852	False	False	99930	7	6.420998522135835	FIRST_ORDER_SUM_OF_LEAVE_BLOCK_INFLUENCE	BLOCK_INFLUENCE_APPROXIMATION_NOT_EXACT_LOCO	200	SLDXR_FORMAL_INPUT_FREEZE_v1:6da435f42faa40f20ecf4b0b1e48d70782224704c86a829fe1e73c5269250b0a
GCOV	15	0.4354056295865452	0.0222461736952066	0.42269641276166164	-0.012709216824883574	0.012709216824883574	0.5712990017524693	False	False	85182	7	5.473366317548031	FIRST_ORDER_SUM_OF_LEAVE_BLOCK_INFLUENCE	BLOCK_INFLUENCE_APPROXIMATION_NOT_EXACT_LOCO	200	SLDXR_FORMAL_INPUT_FREEZE_v1:6da435f42faa40f20ecf4b0b1e48d70782224704c86a829fe1e73c5269250b0a
GCOV	16	0.4354056295865452	0.0222461736952066	0.43637918238540935	0.0009735527988641302	0.0009735527988641302	0.04376270778978509	False	False	91812	7	5.89937672685215	FIRST_ORDER_SUM_OF_LEAVE_BLOCK_INFLUENCE	BLOCK_INFLUENCE_APPROXIMATION_NOT_EXACT_LOCO	200	SLDXR_FORMAL_INPUT_FREEZE_v1:6da435f42faa40f20ecf4b0b1e48d70782224704c86a829fe1e73c5269250b0a
GCOV	17	0.4354056295865452	0.0222461736952066	0.43694887688352657	0.0015432472969813538	0.0015432472969813538	0.0693713587839997	False	False	80373	6	5.164364197134228	FIRST_ORDER_SUM_OF_LEAVE_BLOCK_INFLUENCE	BLOCK_INFLUENCE_APPROXIMATION_NOT_EXACT_LOCO	200	SLDXR_FORMAL_INPUT_FREEZE_v1:6da435f42faa40f20ecf4b0b1e48d70782224704c86a829fe1e73c5269250b0a
GCOV	18	0.4354056295865452	0.0222461736952066	0.43457556513692336	-0.000830064449621859	0.000830064449621859	0.03731268401454195	False	False	94195	7	6.052496305339588	FIRST_ORDER_SUM_OF_LEAVE_BLOCK_INFLUENCE	BLOCK_INFLUENCE_APPROXIMATION_NOT_EXACT_LOCO	200	SLDXR_FORMAL_INPUT_FREEZE_v1:6da435f42faa40f20ecf4b0b1e48d70782224704c86a829fe1e73c5269250b0a
GCOV	19	0.4354056295865452	0.0222461736952066	0.43199328047845387	-0.0034123491080913504	0.0034123491080913504	0.15339038321123113	False	False	74189	6	4.7670115016385015	FIRST_ORDER_SUM_OF_LEAVE_BLOCK_INFLUENCE	BLOCK_INFLUENCE_APPROXIMATION_NOT_EXACT_LOCO	200	SLDXR_FORMAL_INPUT_FREEZE_v1:6da435f42faa40f20ecf4b0b1e48d70782224704c86a829fe1e73c5269250b0a
GCOV	20	0.4354056295865452	0.0222461736952066	0.44061535080669706	0.005209721220151842	0.005209721220151842	0.23418504645022994	False	False	68408	5	4.39555355651224	FIRST_ORDER_SUM_OF_LEAVE_BLOCK_INFLUENCE	BLOCK_INFLUENCE_APPROXIMATION_NOT_EXACT_LOCO	200	SLDXR_FORMAL_INPUT_FREEZE_v1:6da435f42faa40f20ecf4b0b1e48d70782224704c86a829fe1e73c5269250b0a
GCOV	21	0.4354056295865452	0.0222461736952066	0.4358211244021174	0.0004154948155721816	0.0004154948155721816	0.018677136179230162	False	False	45409	4	2.91775364646919	FIRST_ORDER_SUM_OF_LEAVE_BLOCK_INFLUENCE	BLOCK_INFLUENCE_APPROXIMATION_NOT_EXACT_LOCO	200	SLDXR_FORMAL_INPUT_FREEZE_v1:6da435f42faa40f20ecf4b0b1e48d70782224704c86a829fe1e73c5269250b0a
GCOV	22	0.4354056295865452	0.0222461736952066	0.43679886809889573	0.0013932385123505142	0.0013932385123505142	0.0626282313281909	False	False	41009	3	2.63676669022682	FIRST_ORDER_SUM_OF_LEAVE_BLOCK_INFLUENCE	BLOCK_INFLUENCE_APPROXIMATION_NOT_EXACT_LOCO	200	SLDXR_FORMAL_INPUT_FREEZE_v1:6da435f42faa40f20ecf4b0b1e48d70782224704c86a829fe1e73c5269250b0a
GCOR	1	1.0062578	0.0539309227510588	1.0208777846627877	0.014619984662787688	0.014619984662787688	0.27108723376146315	False	False	239066	16	15.36117715093491	FIRST_ORDER_SUM_OF_LEAVE_BLOCK_INFLUENCE	BLOCK_INFLUENCE_APPROXIMATION_NOT_EXACT_LOCO	200	SLDXR_FORMAL_INPUT_FREEZE_v1:6da435f42faa40f20ecf4b0b1e48d70782224704c86a829fe1e73c5269250b0a
GCOR	2	1.0062578	0.0539309227510588	1.015493229620369	0.00923542962036894	0.00923542962036894	0.17124553316098465	False	False	245549	17	15.777742080575724	FIRST_ORDER_SUM_OF_LEAVE_BLOCK_INFLUENCE	BLOCK_INFLUENCE_APPROXIMATION_NOT_EXACT_LOCO	200	SLDXR_FORMAL_INPUT_FREEZE_v1:6da435f42faa40f20ecf4b0b1e48d70782224704c86a829fe1e73c5269250b0a
GCOR	3	1.0062578	0.0539309227510588	0.9931523423778377	-0.013105457622162309	0.013105457622162309	0.24300451306305557	False	False	226225	15	14.536079162115273	FIRST_ORDER_SUM_OF_LEAVE_BLOCK_INFLUENCE	BLOCK_INFLUENCE_APPROXIMATION_NOT_EXACT_LOCO	200	SLDXR_FORMAL_INPUT_FREEZE_v1:6da435f42faa40f20ecf4b0b1e48d70782224704c86a829fe1e73c5269250b0a
GCOR	4	1.0062578	0.0539309227510588	1.0002570095302128	-0.006000790469787187	0.006000790469787187	0.11126808449924727	False	False	230966	16	14.840711944997752	FIRST_ORDER_SUM_OF_LEAVE_BLOCK_INFLUENCE	BLOCK_INFLUENCE_APPROXIMATION_NOT_EXACT_LOCO	200	SLDXR_FORMAL_INPUT_FREEZE_v1:6da435f42faa40f20ecf4b0b1e48d70782224704c86a829fe1e73c5269250b0a
GCOR	5	1.0062578	0.0539309227510588	0.9957234387099133	-0.010534361290086669	0.010534361290086669	0.19533063320115088	False	False	198252	14	12.73867506264859	FIRST_ORDER_SUM_OF_LEAVE_BLOCK_INFLUENCE	BLOCK_INFLUENCE_APPROXIMATION_NOT_EXACT_LOCO	200	SLDXR_FORMAL_INPUT_FREEZE_v1:6da435f42faa40f20ecf4b0b1e48d70782224704c86a829fe1e73c5269250b0a
GCOR	6	1.0062578	0.0539309227510588	0.9947853679210827	-0.011472432078917238	0.011472432078917238	0.21272456493787706	False	False	222778	15	14.314592302255349	FIRST_ORDER_SUM_OF_LEAVE_BLOCK_INFLUENCE	BLOCK_INFLUENCE_APPROXIMATION_NOT_EXACT_LOCO	200	SLDXR_FORMAL_INPUT_FREEZE_v1:6da435f42faa40f20ecf4b0b1e48d70782224704c86a829fe1e73c5269250b0a
GCOR	7	1.0062578	0.0539309227510588	1.0004468813250098	-0.005810918674990173	0.005810918674990173	0.10774743650897556	False	False	188185	13	12.091820343121507	FIRST_ORDER_SUM_OF_LEAVE_BLOCK_INFLUENCE	BLOCK_INFLUENCE_APPROXIMATION_NOT_EXACT_LOCO	200	SLDXR_FORMAL_INPUT_FREEZE_v1:6da435f42faa40f20ecf4b0b1e48d70782224704c86a829fe1e73c5269250b0a
GCOR	8	1.0062578	0.0539309227510588	1.0179328331021504	0.011675033102150456	0.011675033102150456	0.21648124131013957	False	False	164657	12	10.5800295572833	FIRST_ORDER_SUM_OF_LEAVE_BLOCK_INFLUENCE	BLOCK_INFLUENCE_APPROXIMATION_NOT_EXACT_LOCO	200	SLDXR_FORMAL_INPUT_FREEZE_v1:6da435f42faa40f20ecf4b0b1e48d70782224704c86a829fe1e73c5269250b0a
GCOR	9	1.0062578	0.0539309227510588	1.0176444317716271	0.011386631771627131	0.011386631771627131	0.21113363522791911	False	False	135802	9	8.725952579836791	FIRST_ORDER_SUM_OF_LEAVE_BLOCK_INFLUENCE	BLOCK_INFLUENCE_APPROXIMATION_NOT_EXACT_LOCO	200	SLDXR_FORMAL_INPUT_FREEZE_v1:6da435f42faa40f20ecf4b0b1e48d70782224704c86a829fe1e73c5269250b0a
GCOR	10	1.0062578	0.0539309227510588	1.004122725606835	-0.0021350743931649596	0.0021350743931649596	0.03958905733952128	False	False	160759	12	10.329563708796506	FIRST_ORDER_SUM_OF_LEAVE_BLOCK_INFLUENCE	BLOCK_INFLUENCE_APPROXIMATION_NOT_EXACT_LOCO	200	SLDXR_FORMAL_INPUT_FREEZE_v1:6da435f42faa40f20ecf4b0b1e48d70782224704c86a829fe1e73c5269250b0a
GCOR	11	1.0062578	0.0539309227510588	1.0061812590347006	-7.654096529940979e-05	7.654096529940979e-05	0.0014192407879375121	False	False	156208	11	10.037139369016256	FIRST_ORDER_SUM_OF_LEAVE_BLOCK_INFLUENCE	BLOCK_INFLUENCE_APPROXIMATION_NOT_EXACT_LOCO	200	SLDXR_FORMAL_INPUT_FREEZE_v1:6da435f42faa40f20ecf4b0b1e48d70782224704c86a829fe1e73c5269250b0a
GCOR	12	1.0062578	0.0539309227510588	0.9965319217860635	-0.009725878213936445	0.009725878213936445	0.18033954766230106	False	False	146146	10	9.390605924307653	FIRST_ORDER_SUM_OF_LEAVE_BLOCK_INFLUENCE	BLOCK_INFLUENCE_APPROXIMATION_NOT_EXACT_LOCO	200	SLDXR_FORMAL_INPUT_FREEZE_v1:6da435f42faa40f20ecf4b0b1e48d70782224704c86a829fe1e73c5269250b0a
GCOR	13	1.0062578	0.0539309227510588	1.0024098276842648	-0.003847972315735193	0.003847972315735193	0.07135001812405756	False	False	117473	9	7.548223350253807	FIRST_ORDER_SUM_OF_LEAVE_BLOCK_INFLUENCE	BLOCK_INFLUENCE_APPROXIMATION_NOT_EXACT_LOCO	200	SLDXR_FORMAL_INPUT_FREEZE_v1:6da435f42faa40f20ecf4b0b1e48d70782224704c86a829fe1e73c5269250b0a
GCOR	14	1.0062578	0.0539309227510588	1.0083381205756077	0.002080320575607697	0.002080320575607697	0.03857379902825518	False	False	99930	7	6.420998522135835	FIRST_ORDER_SUM_OF_LEAVE_BLOCK_INFLUENCE	BLOCK_INFLUENCE_APPROXIMATION_NOT_EXACT_LOCO	200	SLDXR_FORMAL_INPUT_FREEZE_v1:6da435f42faa40f20ecf4b0b1e48d70782224704c86a829fe1e73c5269250b0a
GCOR	15	1.0062578	0.0539309227510588	0.984467808203529	-0.02178999179647101	0.02178999179647101	0.40403521180329177	False	False	85182	7	5.473366317548031	FIRST_ORDER_SUM_OF_LEAVE_BLOCK_INFLUENCE	BLOCK_INFLUENCE_APPROXIMATION_NOT_EXACT_LOCO	200	SLDXR_FORMAL_INPUT_FREEZE_v1:6da435f42faa40f20ecf4b0b1e48d70782224704c86a829fe1e73c5269250b0a
GCOR	16	1.0062578	0.0539309227510588	1.0067233732921546	0.0004655732921545752	0.0004655732921545752	0.008632770744599115	False	False	91812	7	5.89937672685215	FIRST_ORDER_SUM_OF_LEAVE_BLOCK_INFLUENCE	BLOCK_INFLUENCE_APPROXIMATION_NOT_EXACT_LOCO	200	SLDXR_FORMAL_INPUT_FREEZE_v1:6da435f42faa40f20ecf4b0b1e48d70782224704c86a829fe1e73c5269250b0a
GCOR	17	1.0062578	0.0539309227510588	1.0039905121800505	-0.0022672878199494484	0.0022672878199494484	0.04204059015298298	False	False	80373	6	5.164364197134228	FIRST_ORDER_SUM_OF_LEAVE_BLOCK_INFLUENCE	BLOCK_INFLUENCE_APPROXIMATION_NOT_EXACT_LOCO	200	SLDXR_FORMAL_INPUT_FREEZE_v1:6da435f42faa40f20ecf4b0b1e48d70782224704c86a829fe1e73c5269250b0a
GCOR	18	1.0062578	0.0539309227510588	1.0032920875841682	-0.002965712415831767	0.002965712415831767	0.05499094516741868	False	False	94195	7	6.052496305339588	FIRST_ORDER_SUM_OF_LEAVE_BLOCK_INFLUENCE	BLOCK_INFLUENCE_APPROXIMATION_NOT_EXACT_LOCO	200	SLDXR_FORMAL_INPUT_FREEZE_v1:6da435f42faa40f20ecf4b0b1e48d70782224704c86a829fe1e73c5269250b0a
GCOR	19	1.0062578	0.0539309227510588	1.0037157340060563	-0.0025420659939436874	0.0025420659939436874	0.0471355924258459	False	False	74189	6	4.7670115016385015	FIRST_ORDER_SUM_OF_LEAVE_BLOCK_INFLUENCE	BLOCK_INFLUENCE_APPROXIMATION_NOT_EXACT_LOCO	200	SLDXR_FORMAL_INPUT_FREEZE_v1:6da435f42faa40f20ecf4b0b1e48d70782224704c86a829fe1e73c5269250b0a
GCOR	20	1.0062578	0.0539309227510588	1.0159154548020604	0.009657654802060378	0.009657654802060378	0.17907453292871342	False	False	68408	5	4.39555355651224	FIRST_ORDER_SUM_OF_LEAVE_BLOCK_INFLUENCE	BLOCK_INFLUENCE_APPROXIMATION_NOT_EXACT_LOCO	200	SLDXR_FORMAL_INPUT_FREEZE_v1:6da435f42faa40f20ecf4b0b1e48d70782224704c86a829fe1e73c5269250b0a
GCOR	21	1.0062578	0.0539309227510588	1.0137138393594884	0.007456039359488464	0.007456039359488464	0.1382516556207465	False	False	45409	4	2.91775364646919	FIRST_ORDER_SUM_OF_LEAVE_BLOCK_INFLUENCE	BLOCK_INFLUENCE_APPROXIMATION_NOT_EXACT_LOCO	200	SLDXR_FORMAL_INPUT_FREEZE_v1:6da435f42faa40f20ecf4b0b1e48d70782224704c86a829fe1e73c5269250b0a
GCOR	22	1.0062578	0.0539309227510588	1.0165307183149783	0.010272918314978341	0.010272918314978341	0.19048289535851967	False	False	41009	3	2.63676669022682	FIRST_ORDER_SUM_OF_LEAVE_BLOCK_INFLUENCE	BLOCK_INFLUENCE_APPROXIMATION_NOT_EXACT_LOCO	200	SLDXR_FORMAL_INPUT_FREEZE_v1:6da435f42faa40f20ecf4b0b1e48d70782224704c86a829fe1e73c5269250b0a
GCORSQ	1	1.00994483937748	0.1082755037285778	1.0393774069257153	0.029432567548235422	0.029432567548235422	0.2718303451352784	False	False	239066	16	15.36117715093491	FIRST_ORDER_SUM_OF_LEAVE_BLOCK_INFLUENCE	BLOCK_INFLUENCE_APPROXIMATION_NOT_EXACT_LOCO	200	SLDXR_FORMAL_INPUT_FREEZE_v1:6da435f42faa40f20ecf4b0b1e48d70782224704c86a829fe1e73c5269250b0a
GCORSQ	2	1.00994483937748	0.1082755037285778	1.0287838099270425	0.018838970549562628	0.018838970549562628	0.17399106816245036	False	False	245549	17	15.777742080575724	FIRST_ORDER_SUM_OF_LEAVE_BLOCK_INFLUENCE	BLOCK_INFLUENCE_APPROXIMATION_NOT_EXACT_LOCO	200	SLDXR_FORMAL_INPUT_FREEZE_v1:6da435f42faa40f20ecf4b0b1e48d70782224704c86a829fe1e73c5269250b0a
GCORSQ	3	1.00994483937748	0.1082755037285778	0.9837485591795139	-0.02619628019796605	0.02619628019796605	0.24194096814025634	False	False	226225	15	14.536079162115273	FIRST_ORDER_SUM_OF_LEAVE_BLOCK_INFLUENCE	BLOCK_INFLUENCE_APPROXIMATION_NOT_EXACT_LOCO	200	SLDXR_FORMAL_INPUT_FREEZE_v1:6da435f42faa40f20ecf4b0b1e48d70782224704c86a829fe1e73c5269250b0a
GCORSQ	4	1.00994483937748	0.1082755037285778	0.9977646553156652	-0.012180184061814758	0.012180184061814758	0.11249251808929676	False	False	230966	16	14.840711944997752	FIRST_ORDER_SUM_OF_LEAVE_BLOCK_INFLUENCE	BLOCK_INFLUENCE_APPROXIMATION_NOT_EXACT_LOCO	200	SLDXR_FORMAL_INPUT_FREEZE_v1:6da435f42faa40f20ecf4b0b1e48d70782224704c86a829fe1e73c5269250b0a
GCORSQ	5	1.00994483937748	0.1082755037285778	0.9888399269943852	-0.021104912383094754	0.021104912383094754	0.19491862569395194	False	False	198252	14	12.73867506264859	FIRST_ORDER_SUM_OF_LEAVE_BLOCK_INFLUENCE	BLOCK_INFLUENCE_APPROXIMATION_NOT_EXACT_LOCO	200	SLDXR_FORMAL_INPUT_FREEZE_v1:6da435f42faa40f20ecf4b0b1e48d70782224704c86a829fe1e73c5269250b0a
GCORSQ	6	1.00994483937748	0.1082755037285778	0.9869584943471588	-0.022986345030321154	0.022986345030321154	0.21229497198131464	False	False	222778	15	14.314592302255349	FIRST_ORDER_SUM_OF_LEAVE_BLOCK_INFLUENCE	BLOCK_INFLUENCE_APPROXIMATION_NOT_EXACT_LOCO	200	SLDXR_FORMAL_INPUT_FREEZE_v1:6da435f42faa40f20ecf4b0b1e48d70782224704c86a829fe1e73c5269250b0a
GCORSQ	7	1.00994483937748	0.1082755037285778	0.998253005715276	-0.011691833662203943	0.011691833662203943	0.1079822606183641	False	False	188185	13	12.091820343121507	FIRST_ORDER_SUM_OF_LEAVE_BLOCK_INFLUENCE	BLOCK_INFLUENCE_APPROXIMATION_NOT_EXACT_LOCO	200	SLDXR_FORMAL_INPUT_FREEZE_v1:6da435f42faa40f20ecf4b0b1e48d70782224704c86a829fe1e73c5269250b0a
GCORSQ	8	1.00994483937748	0.1082755037285778	1.0332993785276434	0.0233545391501635	0.0233545391501635	0.2156955021766331	False	False	164657	12	10.5800295572833	FIRST_ORDER_SUM_OF_LEAVE_BLOCK_INFLUENCE	BLOCK_INFLUENCE_APPROXIMATION_NOT_EXACT_LOCO	200	SLDXR_FORMAL_INPUT_FREEZE_v1:6da435f42faa40f20ecf4b0b1e48d70782224704c86a829fe1e73c5269250b0a
GCORSQ	9	1.00994483937748	0.1082755037285778	1.032802421234671	0.022857581857191	0.022857581857191	0.21110575402622728	False	False	135802	9	8.725952579836791	FIRST_ORDER_SUM_OF_LEAVE_BLOCK_INFLUENCE	BLOCK_INFLUENCE_APPROXIMATION_NOT_EXACT_LOCO	200	SLDXR_FORMAL_INPUT_FREEZE_v1:6da435f42faa40f20ecf4b0b1e48d70782224704c86a829fe1e73c5269250b0a
GCORSQ	10	1.00994483937748	0.1082755037285778	1.0056900999156333	-0.004254739461846624	0.004254739461846624	0.03929549450550046	False	False	160759	12	10.329563708796506	FIRST_ORDER_SUM_OF_LEAVE_BLOCK_INFLUENCE	BLOCK_INFLUENCE_APPROXIMATION_NOT_EXACT_LOCO	200	SLDXR_FORMAL_INPUT_FREEZE_v1:6da435f42faa40f20ecf4b0b1e48d70782224704c86a829fe1e73c5269250b0a
GCORSQ	11	1.00994483937748	0.1082755037285778	1.0096883649967787	-0.0002564743807011993	0.0002564743807011993	0.002368720272538492	False	False	156208	11	10.037139369016256	FIRST_ORDER_SUM_OF_LEAVE_BLOCK_INFLUENCE	BLOCK_INFLUENCE_APPROXIMATION_NOT_EXACT_LOCO	200	SLDXR_FORMAL_INPUT_FREEZE_v1:6da435f42faa40f20ecf4b0b1e48d70782224704c86a829fe1e73c5269250b0a
GCORSQ	12	1.00994483937748	0.1082755037285778	0.9903910973800347	-0.019553741997445195	0.019553741997445195	0.18059248236297293	False	False	146146	10	9.390605924307653	FIRST_ORDER_SUM_OF_LEAVE_BLOCK_INFLUENCE	BLOCK_INFLUENCE_APPROXIMATION_NOT_EXACT_LOCO	200	SLDXR_FORMAL_INPUT_FREEZE_v1:6da435f42faa40f20ecf4b0b1e48d70782224704c86a829fe1e73c5269250b0a
GCORSQ	13	1.00994483937748	0.1082755037285778	1.0021256217072583	-0.007819217670221645	0.007819217670221645	0.07221594359720233	False	False	117473	9	7.548223350253807	FIRST_ORDER_SUM_OF_LEAVE_BLOCK_INFLUENCE	BLOCK_INFLUENCE_APPROXIMATION_NOT_EXACT_LOCO	200	SLDXR_FORMAL_INPUT_FREEZE_v1:6da435f42faa40f20ecf4b0b1e48d70782224704c86a829fe1e73c5269250b0a
GCORSQ	14	1.00994483937748	0.1082755037285778	1.0140937153758671	0.0041488759983872026	0.0041488759983872026	0.038317771384259694	False	False	99930	7	6.420998522135835	FIRST_ORDER_SUM_OF_LEAVE_BLOCK_INFLUENCE	BLOCK_INFLUENCE_APPROXIMATION_NOT_EXACT_LOCO	200	SLDXR_FORMAL_INPUT_FREEZE_v1:6da435f42faa40f20ecf4b0b1e48d70782224704c86a829fe1e73c5269250b0a
GCORSQ	15	1.00994483937748	0.1082755037285778	0.9663694684498482	-0.04357537092763175	0.04357537092763175	0.40244902519101045	False	False	85182	7	5.473366317548031	FIRST_ORDER_SUM_OF_LEAVE_BLOCK_INFLUENCE	BLOCK_INFLUENCE_APPROXIMATION_NOT_EXACT_LOCO	200	SLDXR_FORMAL_INPUT_FREEZE_v1:6da435f42faa40f20ecf4b0b1e48d70782224704c86a829fe1e73c5269250b0a
GCORSQ	16	1.00994483937748	0.1082755037285778	1.010871085803917	0.0009262464264370163	0.0009262464264370163	0.008554533523657452	False	False	91812	7	5.89937672685215	FIRST_ORDER_SUM_OF_LEAVE_BLOCK_INFLUENCE	BLOCK_INFLUENCE_APPROXIMATION_NOT_EXACT_LOCO	200	SLDXR_FORMAL_INPUT_FREEZE_v1:6da435f42faa40f20ecf4b0b1e48d70782224704c86a829fe1e73c5269250b0a
GCORSQ	17	1.00994483937748	0.1082755037285778	1.005397208545269	-0.0045476308322109915	0.0045476308322109915	0.0420005511459995	False	False	80373	6	5.164364197134228	FIRST_ORDER_SUM_OF_LEAVE_BLOCK_INFLUENCE	BLOCK_INFLUENCE_APPROXIMATION_NOT_EXACT_LOCO	200	SLDXR_FORMAL_INPUT_FREEZE_v1:6da435f42faa40f20ecf4b0b1e48d70782224704c86a829fe1e73c5269250b0a
GCORSQ	18	1.00994483937748	0.1082755037285778	1.0039564612729746	-0.005988378104505365	0.005988378104505365	0.05530685980013424	False	False	94195	7	6.052496305339588	FIRST_ORDER_SUM_OF_LEAVE_BLOCK_INFLUENCE	BLOCK_INFLUENCE_APPROXIMATION_NOT_EXACT_LOCO	200	SLDXR_FORMAL_INPUT_FREEZE_v1:6da435f42faa40f20ecf4b0b1e48d70782224704c86a829fe1e73c5269250b0a
GCORSQ	19	1.00994483937748	0.1082755037285778	1.0047960058740577	-0.005148833503422212	0.005148833503422212	0.04755307826901617	False	False	74189	6	4.7670115016385015	FIRST_ORDER_SUM_OF_LEAVE_BLOCK_INFLUENCE	BLOCK_INFLUENCE_APPROXIMATION_NOT_EXACT_LOCO	200	SLDXR_FORMAL_INPUT_FREEZE_v1:6da435f42faa40f20ecf4b0b1e48d70782224704c86a829fe1e73c5269250b0a
GCORSQ	20	1.00994483937748	0.1082755037285778	1.0294003565679646	0.01945551719048466	0.01945551719048466	0.17968530757663564	False	False	68408	5	4.39555355651224	FIRST_ORDER_SUM_OF_LEAVE_BLOCK_INFLUENCE	BLOCK_INFLUENCE_APPROXIMATION_NOT_EXACT_LOCO	200	SLDXR_FORMAL_INPUT_FREEZE_v1:6da435f42faa40f20ecf4b0b1e48d70782224704c86a829fe1e73c5269250b0a
GCORSQ	21	1.00994483937748	0.1082755037285778	1.0248883889401408	0.014943549562660863	0.014943549562660863	0.13801413106440918	False	False	45409	4	2.91775364646919	FIRST_ORDER_SUM_OF_LEAVE_BLOCK_INFLUENCE	BLOCK_INFLUENCE_APPROXIMATION_NOT_EXACT_LOCO	200	SLDXR_FORMAL_INPUT_FREEZE_v1:6da435f42faa40f20ecf4b0b1e48d70782224704c86a829fe1e73c5269250b0a
GCORSQ	22	1.00994483937748	0.1082755037285778	1.0306353709773155	0.020690531599835582	0.020690531599835582	0.19109152936108303	False	False	41009	3	2.63676669022682	FIRST_ORDER_SUM_OF_LEAVE_BLOCK_INFLUENCE	BLOCK_INFLUENCE_APPROXIMATION_NOT_EXACT_LOCO	200	SLDXR_FORMAL_INPUT_FREEZE_v1:6da435f42faa40f20ecf4b0b1e48d70782224704c86a829fe1e73c5269250b0a
